計算対象,日付,内容,金額（円）,保有金融機関,大項目,中項目,メモ,振替,ID
0,2026/07/01,ラクテンショウケンカブシキガイシャ (自動スイ-プ),244890,楽天銀行,未分類,未分類,,1,A0DypA8ehs6DfVB1NYNOaxW2eWmYgusuS3Ho4yBmjA8
0,2026/07/01,ラクテンショウケンカブシキガイシャ (投信積立代金),-50000,楽天銀行,未分類,未分類,,1,gT9N5Q2iL2-6pVbzhZoWOsyeoMGAfu3jkFfjM2B_Oic
1,2026/06/30,入 永田町 出 後楽園,-178,モバイルSuica（モバイルSuica ID）,交通費,電車,,0,QWJq0jocwgpeYABDFYIfwmoPJSj8tCe9kwgtmBN8FaI
1,2026/06/30,入 後楽園 出 永田町,-178,モバイルSuica（モバイルSuica ID）,交通費,電車,,0,tkj_ckoiDnDmIOcCkARRQMA8xc8Q1yDGSlfh0OPkcI0
1,2026/06/29,入 永田町 出 後楽園,-178,モバイルSuica（モバイルSuica ID）,交通費,電車,,0,UWU682CVSdejiZCNyhGEI0RyvXDowu0_T3lzy3nWI3M
0,2026/06/29,現金,3000,モバイルSuica（モバイルSuica ID）,未分類,未分類,,1,V5Hd4BsAsIRVYTY9oG1M0S-kaAo0qyv2ZwAXhA8h1zs
1,2026/06/29,入 後楽園 出 永田町,-178,モバイルSuica（モバイルSuica ID）,交通費,電車,,0,86HtbQOZQLJapaRe_bqsv8jr0OggrC31bJyzsBprjYc
0,2026/06/29,ラクテンカ-ドサ-ビス,-116444,楽天銀行,現金・カード,カード引き落とし,,1,cXNx9rTK7fY8rGi55VnvqhFxbv9McxgKcWGsIV9I6nU
1,2026/06/29,SMBC(ニツポンガス,-1485,楽天銀行,水道・光熱費,ガス・灯油代,,0,sDDICp4EjZj7d-Cb2nyA1yJUqKKPFvbSkMgImRdP7uk
1,2026/06/29,DF.ヤチントウ,-90550,楽天銀行,住宅,家賃・地代,,0,-3EjHe3P3MCOkjVSZWtDs5hoy43pbuGBLVrmH7NtOK8
1,2026/06/28,JCB国内利用 JCB チヤ-ジスポツト,-570,楽天カード,現金・カード,カード引き落とし,,0,AM0X1nZTbsH0iO4v0p8I34sZV7BxztpCTmwlJ78-sqA
1,2026/06/28,入 溝の口 出 後楽園,-459,モバイルSuica（モバイルSuica ID）,交通費,電車,,0,m-hWReR8YvEvXMDfAjx22CgYraWFwiyCMDk6oVtSfE0
1,2026/06/28,"株式会社 SBI証券 ,,,,,",-1000000,楽天銀行,未分類,未分類,,0,4VFTd8beh6Nrbk1XXea8kFQe62fpCnjfPV-bo-F7grU
1,2026/06/27,入 後楽園 出 溝の口,-459,モバイルSuica（モバイルSuica ID）,交通費,電車,,0,jLLpJAqfFertukBNQ9iNAOzGDu_AaektysFw68sjQL4
1,2026/06/27,ラクテンEDYオンライン,-10000,楽天銀行,現金・カード,電子マネー,,0,WjT6biq7fIomY5TuqHpfHoVWHdmcAUgCFq1f-voS1q8
1,2026/06/27,ラクテンEDYオンライン,-40000,楽天銀行,現金・カード,電子マネー,,0,FjB2Fiqj_5mopqKEVTg6Jr5r_yg6JP5pZf_JEp0SfzA
1,2026/06/27,ミタ リヨウイチロウ,42000,楽天銀行,未分類,未分類,,0,KcAnSg9RguwYXtk5wMTTByp4ejXbCivz81amSTOn1K0
0,2026/06/27,ラクテンショウケンカブシキガイシャ (国内株式買付代金),-1449890,楽天銀行,未分類,未分類,,1,urJ9bcEqIV2xPlxv1vq1SVdUM025W-kYTjmPqFVR9Z0
1,2026/06/26,物販,-376,モバイルSuica（モバイルSuica ID）,未分類,未分類,,0,INA1aZQvDIf-OBmCszzaw3JGHxZ81K5vwXHam4K_JVU
1,2026/06/26,入 永田町 出 後楽園,-178,モバイルSuica（モバイルSuica ID）,交通費,電車,,0,blGIin0_baYNxS8iQ3lvU_Ytv32lXCd8AZXtoO-SEa8
1,2026/06/26,入 後楽園 出 永田町,-178,モバイルSuica（モバイルSuica ID）,交通費,電車,,0,HWdbzlOUWS645y4ZqU8MpWSyRFr_HP5rAHE2sHuGdes
1,2026/06/25,JCB国内利用 JCB ウイズ,-4260,楽天カード,日用品,日用品,,0,EJ7kB2_HRUEm0dTe-e0vhxZ-PlkQUb06DwmcQW3Xlzo
1,2026/06/25,JCB国内利用 JCB イ-プラス,-4330,楽天カード,趣味・娯楽,映画・音楽・ゲーム,,0,jVoxoar6ns-nm5M2xsoq4V6uH36ZSN6cvHCPIjhdtz4
1,2026/06/25,物販,-342,モバイルSuica（モバイルSuica ID）,未分類,未分類,,0,mcrEVSfa-WhijQqR3NmvSKsdwaiCNE5-lol4kav-QAs
1,2026/06/25,給与 SBAW(カ)LINEヤフ-.カ,349640,楽天銀行,収入,給与,,0,CSRIA4gSwOv7H8f-Q_nSoP7o_m9Mi953IP8Pyb0QaF4
1,2026/06/24,入 溜池山王 出 後楽園,-178,モバイルSuica（モバイルSuica ID）,交通費,電車,,0,nyZmBFgTNNX6MlgxIA-UmGjpEBj7M9tvVHBePefEloo
1,2026/06/24,*入 溝の口 出 永田町,-428,モバイルSuica（モバイルSuica ID）,交通費,電車,,0,oeZ8bZdy_aPJz_dWIv1EygZOR17F4ubF7vwtuaybPh4
1,2026/06/24,入 津田山 出 武溝ノ口,-155,モバイルSuica（モバイルSuica ID）,交通費,電車,,0,r9FuSW3PEmghm4TQaJhvoUgwEi5yRY2oEw49Veuc7zk
1,2026/06/24,入 武溝ノ口 出 津田山,-155,モバイルSuica（モバイルSuica ID）,交通費,電車,,0,xPVqWb2eY0A6CXkEcr1f1-sMGzQiRjkanmXlUn8lonw
0,2026/06/24,現金,3000,モバイルSuica（モバイルSuica ID）,未分類,未分類,,1,x3-gUgPQ1LgmcZ_C695LgywcEBrMeze8mBe4xt2valU
1,2026/06/24,入 後楽園 出 溝の口,-459,モバイルSuica（モバイルSuica ID）,交通費,電車,,0,BEET9X-iyMDSUyQsqeiCeSRnEBM0Vn1a7AyZxoRaQlA
1,2026/06/23,入 永田町 出 後楽園,-178,モバイルSuica（モバイルSuica ID）,交通費,電車,,0,ZOOqX_eJ_bEUgGPSXm6X1ecSGHKx1oA92pl_J2PVlLo
1,2026/06/23,入 後楽園 出 永田町,-178,モバイルSuica（モバイルSuica ID）,交通費,電車,,0,_gerqlQn67Sfk6QyiR0MQjyR72-zOD3a2zHPQ9LdFBg
1,2026/06/22,JCB国内利用 JCB アマゾン マ-ケツト プレイ,-2530,楽天カード,現金・カード,カード引き落とし,,0,mFyeA_SCOpQrvgrgBxeQwjdWVi3_NbGx-oJvTKkoOTE
1,2026/06/22,入 永田町 出 後楽園,-178,モバイルSuica（モバイルSuica ID）,交通費,電車,,0,1GRrOxDnKBu2hWcd8-cf5ZgB5xqEDcQSgLU5khc-Aqw
1,2026/06/22,入 後楽園 出 永田町,-178,モバイルSuica（モバイルSuica ID）,交通費,電車,,0,Iey4KVjo6lPr9W7g3MDwGHQ7LrbEHKqP8HJ4RcHtC3o
1,2026/06/21,物販,-192,モバイルSuica（モバイルSuica ID）,未分類,未分類,,0,sAIXwcqfMro5bFgoYSNBcAvk3c8h0fRmd4fCqV6nhBE
1,2026/06/20,JCB国内利用 JCB イオンフ-ドスタイル,-1109,楽天カード,日用品,日用品,,0,4RnwnvaDg-YpGkAGiiicV0akkzoERYmJzsXTf5kAKgw
1,2026/06/20,物販,-738,モバイルSuica（モバイルSuica ID）,未分類,未分類,,0,a9oNg9J3kuh1hTPoEjimZpMicFtMGiEFe2F4ibzZuXE
1,2026/06/20,入 地 東京 出 後楽園,-178,モバイルSuica（モバイルSuica ID）,交通費,電車,,0,Qatkqq8d2X9A9T3HUdI5ucplz07exLJTPXC6BSRp0Vo
1,2026/06/20,入 後楽園 出 地 東京,-178,モバイルSuica（モバイルSuica ID）,交通費,電車,,0,SP2nJtebNkW69g664k1Z1fxQG6nVIZ4WCct3UOEO0IU
0,2026/06/19,Suicaチャージ(楽天ペイ) 703656,-3000,楽天カード,現金・カード,電子マネー,,1,JUulBXKRRj01PXb3kPUhflA-4zhaZt8fgIbpxkIJfUk
1,2026/06/19,物販,-1505,モバイルSuica（モバイルSuica ID）,未分類,未分類,,0,1WlwanryJli6q3Q_MxQJyEqMOx-e9l1WSTM3vbUjKDM
0,2026/06/19,現金,3000,モバイルSuica（モバイルSuica ID）,未分類,未分類,,1,7inZBupQ9uW3BgUu_menVGr3-myk2o5jE4axffedB0M
1,2026/06/19,入 永田町 出 後楽園,-178,モバイルSuica（モバイルSuica ID）,交通費,電車,,0,nEDL0c8ej04rqQmfOlI6r224CAhXbSaeajN3WH168Hc
1,2026/06/19,入 後楽園 出 永田町,-178,モバイルSuica（モバイルSuica ID）,交通費,電車,,0,21yNkcpDXJ3e6o1pYhyHL4k_Q7bP_kJ3X_v654f-3aE
1,2026/06/18,JCB国内利用 JCB マイバスケツト,-353,楽天カード,食費,食料品,,0,vzI8kywZS1jstK_Ruy-e6wIJrBJx1x4OjysfjqWYdsw
1,2026/06/18,ラクテンEDYオンライン,-10000,楽天銀行,現金・カード,電子マネー,,0,Z0tywebvy332PBf-z600mwuxEg_TJEMtShhAP2Uny2Y
1,2026/06/17,入 地 東京 出 後楽園,-178,モバイルSuica（モバイルSuica ID）,交通費,電車,,0,xjZZzI_m-JcGkFdx9TvmtnijLifBQRbCPDSeRrQKceE
1,2026/06/17,入 大井町 出 東京,-209,モバイルSuica（モバイルSuica ID）,交通費,電車,,0,t9LborbbcHPIfn3ykKSALb3YcwrNtKtT1icf8OCiAOM
1,2026/06/17,入 臨新木場 出 臨大井町,-398,モバイルSuica（モバイルSuica ID）,交通費,電車,,0,wMejT9H9HV8DWBdpLABT5CaJaoFYgbobVm7skb0M88g
1,2026/06/17,入 舞浜 出 新木場,-199,モバイルSuica（モバイルSuica ID）,交通費,電車,,0,R30t7x5okdQqP6uaJ5NWfR5CpDhOXXvCbB0PIoo32QM
1,2026/06/17,入 MRCD 出 MRCA,-300,モバイルSuica（モバイルSuica ID）,交通費,電車,,0,jqscJdxulMheeu6BSQrHGu5EjsfmNNcEiVY2pzlMI-M
1,2026/06/17,入 新木場 出 舞浜,-199,モバイルSuica（モバイルSuica ID）,交通費,電車,,0,1QHKKX3HKCjDzR9LiLDUoJS0rby3mjx0xZ0o3zMtDDQ
1,2026/06/17,入 永田町 出 地新木場,-209,モバイルSuica（モバイルSuica ID）,交通費,電車,,0,7rqtXylH9wU2434rja_J88A4Fl6O-bWGFneKvJ5H7YE
1,2026/06/17,入 後楽園 出 永田町,-178,モバイルSuica（モバイルSuica ID）,交通費,電車,,0,UtDfXnibV4lMsoDvrBICptJlK18u7HBugMdFRbZVa_c
0,2026/06/16,楽天証券投信積立0.5%~,-30000,楽天カード,未分類,未分類,,1,f8oj1u-Op7qBCM_jleVsVu_lrlm2ZTxcKoZRk6aMBxU
0,2026/06/16,Suicaチャージ(楽天ペイ) 705430,-3000,楽天カード,現金・カード,電子マネー,,1,DccRZ3gKVKjvDSmD3wJsPgxyAJEuJBC5-UO5ojWWDgE
1,2026/06/16,入 永田町 出 後楽園,-178,モバイルSuica（モバイルSuica ID）,交通費,電車,,0,noql4l9H3ylpi_hz5FYc2hA_zcbKLuqSWssjFWf3_W0
0,2026/06/16,現金,3000,モバイルSuica（モバイルSuica ID）,未分類,未分類,,1,BW2uSOR0HKGlQO3a8GTTVMKPS4qKP-csmnzH7U2InsE
1,2026/06/16,入 後楽園 出 永田町,-178,モバイルSuica（モバイルSuica ID）,交通費,電車,,0,NzSpvj-GN8yeuvX1ansEpy_zqtEJh7hmmy4sXcQD0oA
1,2026/06/15,物販,-150,モバイルSuica（モバイルSuica ID）,未分類,未分類,,0,PyFa9kWy1emF1rrWNVNWD-Q_FN7RckxUs-CEe_PIY3U
1,2026/06/15,入 溜池山王 出 後楽園,-178,モバイルSuica（モバイルSuica ID）,交通費,電車,,0,hMWRZ585fkAq8kR7Z8lSX7AVCkRUV6mtKHV7TZFAzaM
1,2026/06/15,入 後楽園 出 永田町,-178,モバイルSuica（モバイルSuica ID）,交通費,電車,,0,hKq6tF9g_FLGZNuUAu0wgzE-l_zOn1SnRR6FwmuB_iw
1,2026/06/15,AP(カ)ユ-パワ-,-5079,楽天銀行,未分類,未分類,,0,P6obC40BhP1YXSFFsA1j_5tX5rzN5T_ny-VAib3xV28
1,2026/06/14,JCB国内利用 JCB スマ-トイ-エツクス ジエイア,-13870,楽天カード,現金・カード,カード引き落とし,,0,FYnr3PvYJSL7keUlw66hRjNSFSRFKnUncCHCKh0kkCc
1,2026/06/14,JCB国内利用 JCB エ-エフブンキヨウカスガ,-8250,楽天カード,現金・カード,カード引き落とし,,0,286pLuxyy04Qc51dsKCzKnzRjf1AcPNtbbgPLFkdy_M
1,2026/06/14,入 地 東京 出 後楽園,-178,モバイルSuica（モバイルSuica ID）,交通費,電車,,0,F_EiTwt8A_Ufx_gPGU8Or_QoEjSx9UQ4xfuiyFxkCjI
1,2026/06/14,入 JW大阪 出 JW新大阪,-180,モバイルSuica（モバイルSuica ID）,交通費,電車,,0,YKS8qAq1gRBrU0Cz0Pg8yyIqQajH6kQAPKcHwYJQZXQ
1,2026/06/14,入 SUドーム前 出 SU梅田,-240,モバイルSuica（モバイルSuica ID）,交通費,電車,,0,BhbtIm3La64ltORGg4u9BRqV9jTrMNym_5gOU2RnsVc
1,2026/06/14,入 SU下新庄 出 SUドーム前,-440,モバイルSuica（モバイルSuica ID）,交通費,電車,,0,wtmEht1cYz34qXqVviJ0FiyhJ72eQWiTrHtIuForFAs
1,2026/06/13,入 SU梅田 出 SU下新庄,-200,モバイルSuica（モバイルSuica ID）,交通費,電車,,0,AVvl0FhXS5vJmcUBe5hZ1bMz8Yhk2CdjEgNojAy8DmI
1,2026/06/13,入 JWユニバー 出 JW大阪,-200,モバイルSuica（モバイルSuica ID）,交通費,電車,,0,dn9FELbyU6EZN34vWb4DPljgjhrRVB9JMbmUMOSMhAs
1,2026/06/13,入 JW大阪 出 JWユニバー,-200,モバイルSuica（モバイルSuica ID）,交通費,電車,,0,kzIt2SL9hnkJMvqQNDKihSDJur26A5MxgamgY9bmprQ
1,2026/06/13,入 SU下新庄 出 SU梅田,-200,モバイルSuica（モバイルSuica ID）,交通費,電車,,0,abxC0gIfzlrZh7zzqecFYVDJJtlh3g1RFj7eIh5XEgg
1,2026/06/12,JCB国内利用 JCB スマ-トイ-エツクス ジエイア,-13870,楽天カード,現金・カード,カード引き落とし,,0,phVA6GFCKfzJfbAwIwu0ME7VyuoHwcabYtpi_Gm07i8
1,2026/06/12,JCB国内利用 JCB トウキヨウトスイドウキヨク ス,-1232,楽天カード,水道・光熱費,水道代,,0,4i21LVJpbbqtpCGg44Rxdi1HRAgJci0ljTAgxOtdSAY
0,2026/06/12,Suicaチャージ(楽天ペイ) 701818,-3000,楽天カード,現金・カード,電子マネー,,1,77jPKSyM5qzijPIANJCUzmqw9uJmcEwWvN_aZGBIAmM
1,2026/06/12,マクドナルド モバイルオーダー 702339,-570,楽天カード,食費,外食,,0,3MppKvzzncyo1SbDqpXpzEkM8_h0zfWqyaQIpOgkg_E
1,2026/06/12,入 SU梅田 出 SU下新庄,-200,モバイルSuica（モバイルSuica ID）,交通費,電車,,0,n-tvvgXV0feT9Ofktb9JafAmYxj1OR4_n1ciRBHfy_0
0,2026/06/12,現金,3000,モバイルSuica（モバイルSuica ID）,未分類,未分類,,1,Zu-IYczCkdq-V_eriUwARykUnklCwFrXpTnO8di6TRw
1,2026/06/12,入 SU難波 出 SU梅田,-240,モバイルSuica（モバイルSuica ID）,交通費,電車,,0,pguD0g1ByPs-D6ONUZ8F48rZ7uetHzjuC6ZpJf4Ck6k
1,2026/06/12,入 SU梅田 出 SU心斎橋,-240,モバイルSuica（モバイルSuica ID）,交通費,電車,,0,7N6e4KjuRVlb1wVrTQoEseIZtlZ2XZz2D25KHyQY17o
1,2026/06/12,入 SU庄内 出 SU梅田,-200,モバイルSuica（モバイルSuica ID）,交通費,電車,,0,HGh8HLTsRC5Wz_V2Y_DKdtEIHnuxC0Son6sGcPicyiw
1,2026/06/12,入 SU梅田 出 SU庄内,-200,モバイルSuica（モバイルSuica ID）,交通費,電車,,0,oligTICGpRN7AxgXN25kGrSQTNRRQxxZ3Upg9m7VRzA
1,2026/06/12,入 JW新大阪 出 JW大阪,-180,モバイルSuica（モバイルSuica ID）,交通費,電車,,0,XyzsWTgzdPh4iik9cWb-nhlA25mI8yLDFNbmAxHzJ0Y
1,2026/06/12,入 後楽園 出 地 東京,-178,モバイルSuica（モバイルSuica ID）,交通費,電車,,0,4VZmQRIakqj0dHvjqA1cMhhJrkFyLQvTrJLFxMvmEMo
1,2026/06/11,入 永田町 出 後楽園,-178,モバイルSuica（モバイルSuica ID）,交通費,電車,,0,JBoq7ZhNQTl3kOrh9VNhSIB6DgrAH6LSMay16tuDcAs
1,2026/06/11,入 後楽園 出 永田町,-178,モバイルSuica（モバイルSuica ID）,交通費,電車,,0,PTpGIJzZ2BkvACUVupu9U7tjq4_hY5u6DkuK4AdBuko
1,2026/06/10,物販,-587,モバイルSuica（モバイルSuica ID）,未分類,未分類,,0,2FcQ-gX3w0JJWZtgtfvL0XCDFNqOhuthO4JFiSphcFk
1,2026/06/10,入 永田町 出 後楽園,-178,モバイルSuica（モバイルSuica ID）,交通費,電車,,0,ZC0eCY1m7gzI9B2eaYOW0rUiAc9cEpJhPS5KWyis9Eg
1,2026/06/10,入 後楽園 出 永田町,-178,モバイルSuica（モバイルSuica ID）,交通費,電車,,0,VQEoJqimoN5i15Za5X_cQrvA0rVWdQtRjhLOYdfei00
1,2026/06/09,入 溜池山王 出 後楽園,-178,モバイルSuica（モバイルSuica ID）,交通費,電車,,0,IKeceS8XgoFOplzYUYloLCS0rhaL1rcjMwZW3LDJSUc
1,2026/06/09,入 後楽園 出 永田町,-178,モバイルSuica（モバイルSuica ID）,交通費,電車,,0,lOReQH71Zet7YWfmrK6X0ZhqAE2KpxAXa3c2JyXrkQ0
1,2026/06/08,JCB国内利用 JCB タツプル,-4400,楽天カード,現金・カード,カード引き落とし,,0,iEJIduGBBW3YwkH7rS5msyDzhfe75BT1svepOHeJ9qU
1,2026/06/08,JCB国内利用 JCB マイバスケツト,-374,楽天カード,食費,食料品,,0,Dptxy7m9gT0R4md7bsYe87tXOXdUO1mYyXqhrX-4LJ0
0,2026/06/08,Suicaチャージ(楽天ペイ) 700413,-3000,楽天カード,現金・カード,電子マネー,,1,57XFp6kAfX-d0AcoAG3g1AmIPkyZknpdFOSPxCC4BnU
1,2026/06/08,入 溜池山王 出 後楽園,-178,モバイルSuica（モバイルSuica ID）,交通費,電車,,0,p6KWjE2hxTBX9Y43M0MIxSdNX9NZ2tt7ZElNKGFDJtM
0,2026/06/08,現金,3000,モバイルSuica（モバイルSuica ID）,未分類,未分類,,1,On4dML6Xi_XS1esR8PMysosuRGpjdpF9ghI5RxVmYB4
1,2026/06/08,入 後楽園 出 永田町,-178,モバイルSuica（モバイルSuica ID）,交通費,電車,,0,TbmH_cH6dn1YEULccBKbuF5NwE_HyL0xKoC8P_kGOw8
1,2026/06/07,入 都五反田 出 春日,-272,モバイルSuica（モバイルSuica ID）,交通費,電車,,0,7vsYih-xlIVszTuOWBBHL5y6uYWo6eB4J6LRQ7l-Vb8
1,2026/06/07,入 御嶽山 出 東急五反,-180,モバイルSuica（モバイルSuica ID）,交通費,電車,,0,WNMlEEOX_5b3mlm8BKCMOndXkuLy1sd6IaXUgM7-X7U
1,2026/06/07,*入 東急五反 出 御嶽山,-180,モバイルSuica（モバイルSuica ID）,交通費,電車,,0,DR9TtocFJPHnKopGG4phdqToiEIaRTheGLx9MdEC31o
1,2026/06/07,入 目黒 出 五反田,-155,モバイルSuica（モバイルSuica ID）,交通費,電車,,0,ial6aaLIfR6ITerYyz0_Ns5MRrIG0HUgZJyghCi03d0
1,2026/06/07,入 後楽園 出 地 目黒,-209,モバイルSuica（モバイルSuica ID）,交通費,電車,,0,QgWuUMt1OBzsKVA50V7SdNsagobjQepBv1yZia1ASS0
1,2026/06/06,入 地 王子 出 後楽園,-178,モバイルSuica（モバイルSuica ID）,交通費,電車,,0,mwcUBVfxIcf0egQswon16eV6-Jbs28KrNUK7hJ7DoYI
1,2026/06/06,入 後楽園 出 地 王子,-178,モバイルSuica（モバイルSuica ID）,交通費,電車,,0,8BfpbAItGj9werj6X7ipsmuxpwvYzTypv44F-dG4PZI
1,2026/06/05,JCB国内利用 JCB キミノハンバ-グオタベタイ,-4268,楽天カード,現金・カード,カード引き落とし,,0,3QlDRAj1cTQp5tIgrK8qfWM3rG0dnMzaT2ZgV_mRR4A
1,2026/06/05,入 地 渋谷 出 後楽園,-209,モバイルSuica（モバイルSuica ID）,交通費,電車,,0,etZhXbSR_zXwKk4C4Qc79p54DYrGVWca1vyODSNL2tM
1,2026/06/05,入 永田町 出 地 渋谷,-178,モバイルSuica（モバイルSuica ID）,交通費,電車,,0,bMaP71Q5EyW5wmYEymQMvZ3r3_yoizroci087nrG6_k
1,2026/06/05,入 後楽園 出 永田町,-178,モバイルSuica（モバイルSuica ID）,交通費,電車,,0,brOF1rq7f_MNELZ7Oe3B4eLqW3itLKMVaN_iDEpOuhg
1,2026/06/04,ジヤングリアチケツトウエブ,5610,楽天カード,未分類,未分類,,0,R2Kxhefhvnz-_Z-LcNiwiGPU6WXicryZY_TxVYYvDcY
1,2026/06/04,JCB国内利用 JCB アマゾンプライムカイヒ,-5900,楽天カード,その他,雑費,,0,00mVzU6ZoTaRY5ahprkOnlANpbAswkRrgYH4kEjGZfQ
0,2026/06/04,Suicaチャージ(楽天ペイ) 700621,-3000,楽天カード,現金・カード,電子マネー,,1,5tqjMegc0A48yEqETR-3ZUvbolGvqWmA75k20EKSeNA
1,2026/06/04,入 溝の口 出 後楽園,-459,モバイルSuica（モバイルSuica ID）,交通費,電車,,0,bTltlX9eqVfnbR9HBxOzcPAxxGgKq7xxhdPV-TUzlyQ
1,2026/06/04,入 永田町 出 溝の口,-428,モバイルSuica（モバイルSuica ID）,交通費,電車,,0,ue5RUlJKNWZ7AF1WRMpytARE9db_hFVXCG78txaHowA
0,2026/06/04,現金,3000,モバイルSuica（モバイルSuica ID）,未分類,未分類,,1,mqD4nnCpWcHCZ6F6AVW8xSElI4WTLghSp-gTs86R3XA
1,2026/06/04,入 後楽園 出 永田町,-178,モバイルSuica（モバイルSuica ID）,交通費,電車,,0,i37ZZzM7zYizFN-pJrtcJiFsted2hOdiFqV0WkKZADQ
1,2026/06/03,JCB国内利用 JCB イオンフ-ドスタイル,-902,楽天カード,日用品,日用品,,0,6azJMXJIHh-2xpnPe7IkEo2GVbcb5mrpaD2kKdPN0vQ
1,2026/06/02,JCB国内利用 JCB コ-クオン アツプルペイ ツ,-80,楽天カード,現金・カード,カード引き落とし,,0,HItS-HnU8zYnMLWxE4iUPUoPlPWboDg9CkncxVBxTrg
1,2026/06/02,珈琲茶館集赤坂見附店 7115462062202 02333,-1980,楽天カード,食費,カフェ,,0,7invfSNFDt6BF2UGlY6tEqzvOeKwT6dwSuKs0TTp8G4
1,2026/06/02,入 永田町 出 後楽園,-178,モバイルSuica（モバイルSuica ID）,交通費,電車,,0,SZOFPsOjjErmkSVqw-BqBBEnY3rgjAXJ8fCOQG8w3MA
1,2026/06/02,入 後楽園 出 永田町,-178,モバイルSuica（モバイルSuica ID）,交通費,電車,,0,ZHQpAv2Po4Cz-BwcxX29g-ZLSg6YydGv_59d2DMvjXU
1,2026/06/01,JCB国内利用 JCB ヤキトリミヤガワオオテマチテン,-10142,楽天カード,現金・カード,カード引き落とし,,0,O-heYLRl6avvS3yjvEuvGgFSIZbdlL4KGVkR5GHpyiw
1,2026/06/01,JCB国内利用 JCB コ-クオン アツプルペイ ツ,-80,楽天カード,現金・カード,カード引き落とし,,0,jOmBi1qNwUpDgpuS04ops4AElKDaSXOr5FOB9kieD0M
1,2026/06/01,物販,-106,モバイルSuica（モバイルSuica ID）,未分類,未分類,,0,BTbB9MsWZ93z5JJOJhM3Uy72w01y-vL7bfEGz7_J1ek
1,2026/06/01,入 地大手町 出 後楽園,-178,モバイルSuica（モバイルSuica ID）,交通費,電車,,0,GTRhCpuNp3CiY4d7PMno-GpyaJmHFNpKWIsGd3LRJ1A
1,2026/06/01,入 永田町 出 地大手町,-178,モバイルSuica（モバイルSuica ID）,交通費,電車,,0,oJfBglqoF8lJ3msTQ4AbarCh-jglbHidsz_EL6OQkUc
1,2026/06/01,入 後楽園 出 永田町,-178,モバイルSuica（モバイルSuica ID）,交通費,電車,,0,sJiHUwzBOIeuETOSRT22M0KHUAiEpOPGUpRuXzsNG-Y
1,2026/06/01,ブンキヨウクシヨクリヨウヒントウブツカコウトウタイオウキユウフキン,5000,楽天銀行,未分類,未分類,,0,Qe_j7ooly1yt_vaFF-hW95bk-MDW-M8KVVbGlryZqLs
1,2026/05/31,イ-プラス,-6370,楽天カード,趣味・娯楽,映画・音楽・ゲーム,,0,_nJcR5ZAEeIQVvbhYMX3K0XmAx3oil3Fmk-t0GsW7so
1,2026/05/31,マイバスケツト,-3389,楽天カード,食費,食料品,,0,NW7D4wDHdUWcADGlKSphhE6RdESSzydNQxfys9QfXVk
1,2026/05/31,マクドナルド モバイルオーダー 701274,-300,楽天カード,食費,外食,,0,I5nGKRJ1VSd9FBWxOKfxuvAQx7UciPK_nubgadMfkCw
1,2026/05/31,JCB国内利用 JCB ソフトバンクエム,-3116,楽天カード,通信費,携帯電話,,0,1Unh8PuinPDcpxPNdPfRe-F6TUR8pyhk8--rYBAg34g
1,2026/05/31,入 溜池山王 出 後楽園,-178,モバイルSuica（モバイルSuica ID）,交通費,電車,,0,iZDCB8yUZMsXN02b3KxuXs1aI707l8xxX7-hd4OVFl0
1,2026/05/31,入 後楽園 出 永田町,-178,モバイルSuica（モバイルSuica ID）,交通費,電車,,0,EW3rGcTkrmW7J5PBerGWJ7pHo8f6-FLZVuOsk4KiG5U
1,2026/05/30,セイブド-ム,-4400,楽天カード,衣服・美容,衣服,,0,RI6SI-7Ddvfnz8Lu6SOhGGrrFa936iOQ17Tp-TBka7c
1,2026/05/30,入 地 池袋 出 後楽園,-178,モバイルSuica（モバイルSuica ID）,交通費,電車,,0,lFb6L0ZpJVc4b-x3SagqViKPPOZOotFipS4nAtYPPwg
1,2026/05/30,入 西武球場 出 西武池袋,-442,モバイルSuica（モバイルSuica ID）,交通費,電車,,0,XmmyV3ycwupmU6pgYem2Am2X4ZxjZ5rvX9Nak4-_dMc
1,2026/05/30,入 西武池袋 出 西武球場,-442,モバイルSuica（モバイルSuica ID）,交通費,電車,,0,cBks6I68NSF8QLVU0x2_hRSvMRNlLdIKPcLQW4uycXk
1,2026/05/30,入 後楽園 出 地 池袋,-178,モバイルSuica（モバイルSuica ID）,交通費,電車,,0,cMKFh4NLGNiSIri_-QZEZ9UvpSj8An81sGZcnlGNDao
1,2026/05/30,物販,-214,モバイルSuica（モバイルSuica ID）,未分類,未分類,,0,40ThbX0yZDuMbok2_pxi5PoKhroAVrSpBOArVOowu40
1,2026/05/29,イオンフ-ドスタイル,-1127,楽天カード,日用品,日用品,,0,gvanirBL6M2S_3HEfoLZT109EPPFhXshcBcvmTySijA
0,2026/05/29,Suicaチャージ(楽天ペイ) 704486,-3000,楽天カード,現金・カード,電子マネー,,1,kMElYgSadUOl3jFbnrau9oPSLKr0PGRzj5GQoVGKM00
1,2026/05/29,入 地 渋谷 出 後楽園,-209,モバイルSuica（モバイルSuica ID）,交通費,電車,,0,9f-QDp12_irAzehIRHF67AbBdJI4TKP1pJBpqGddyek
0,2026/05/29,現金,3000,モバイルSuica（モバイルSuica ID）,未分類,未分類,,1,5bvfOo0MFkId3vGcOcGTDpwXCdbGVTxoNXtnXNFo3h0
1,2026/05/29,入 赤坂見附 出 地 渋谷,-178,モバイルSuica（モバイルSuica ID）,交通費,電車,,0,S47uYp01LPt_j5484xnIWEnsBgenpTjXmYnh6FkOdnc
1,2026/05/29,入 後楽園 出 永田町,-178,モバイルSuica（モバイルSuica ID）,交通費,電車,,0,TlDxyJoFBV2GvljwqBwLp6sX8a7OA1ebfJ6R5tNKloQ
1,2026/05/29,ラクテンEDYオンライン,-10000,楽天銀行,現金・カード,電子マネー,,0,ZDNHEHCSb5cFwFWBWFlUbVRIjqCuHZLyodvKxhhtarM
1,2026/05/27,イオンフ-ドスタイル,-133,楽天カード,日用品,日用品,,0,4qgyR3WScHMf03dJWGdCEtuHRsS_62C8VbZerXJ8Yv8
1,2026/05/27,入 地 東京 出 後楽園,-178,モバイルSuica（モバイルSuica ID）,交通費,電車,,0,uOftA92363MYxtduYdoxTtacdVUe39LwJcVSvhfxKoQ
1,2026/05/27,入 舞浜 出 東京,-253,モバイルSuica（モバイルSuica ID）,交通費,電車,,0,hlSSpzOpWeHmyySn2QR1J6zMFjrZLeQLbX_P4L-YKq4
1,2026/05/27,入 新木場 出 舞浜,-199,モバイルSuica（モバイルSuica ID）,交通費,電車,,0,Cka0quw6tCPp6uEFHf3CkY_6IsT-y3mPHMU-3piZ0KY
1,2026/05/27,入 永田町 出 地新木場,-209,モバイルSuica（モバイルSuica ID）,交通費,電車,,0,VTlkr3L9jLdDY-LuCtjh9xZV4UB2NbXKfw3MEbRrgV8
1,2026/05/27,入 後楽園 出 永田町,-178,モバイルSuica（モバイルSuica ID）,交通費,電車,,0,iXGk6kXRNMO1qNmsc-x_FWxcoUexGjqy6PqkxTu7558
0,2026/05/27,ラクテンカ-ドサ-ビス,-197299,楽天銀行,現金・カード,カード引き落とし,,1,L3Gfi8Gc0DSKqZ7ACsd5cOvl0zwhEdGyE3JXO0mdiEc
1,2026/05/27,SMBC(ニツポンガス,-1455,楽天銀行,水道・光熱費,ガス・灯油代,,0,ktVthncbN9KYA3nsAYPi-Esn8lNrkQRVumB45IuAbJI
1,2026/05/27,DF.ヤチントウ,-90550,楽天銀行,住宅,家賃・地代,,0,3YuL4XdacQom_XLrNZEpEnYNA_4bc5S1_0cKPCYPd8A
1,2026/05/26,シネマイクスピアリ,-2600,楽天カード,趣味・娯楽,映画・音楽・ゲーム,,0,biH3RCksqlTdztWkd86iqtV-nyVPxVsC6RdZIDFFi4c
1,2026/05/26,イオンフ-ドスタイル,-2101,楽天カード,日用品,日用品,,0,MOYzTkXHCzjOLBFw5U6UNH87iVgsPlitGZWzp0ZaFRc
1,2026/05/26,物販,-409,モバイルSuica（モバイルSuica ID）,未分類,未分類,,0,7hiNoJpGSmFFRYFvmM8sNpbZx_7Wjmq88VkLozXjgrY
1,2026/05/26,物販,-731,モバイルSuica（モバイルSuica ID）,未分類,未分類,,0,jwmEZ1ctBCXaZBTHM7_kkhaggFjOU90PD-gsY1wnqxY
1,2026/05/26,入 永田町 出 後楽園,-178,モバイルSuica（モバイルSuica ID）,交通費,電車,,0,iGyq32sUrPUC6RqWTomjdsnlzj9tJO5nUj9HZjscpVQ
1,2026/05/26,入 後楽園 出 永田町,-178,モバイルSuica（モバイルSuica ID）,交通費,電車,,0,oe78aN_boCwFqpd5bAAKqvdAtM7QN_c6IktUQcQ00_g
0,2026/05/25,Suicaチャージ(楽天ペイ),-3000,楽天カード,現金・カード,電子マネー,,1,nJ83QkAU81e0x4OKmX8uDXDfTnBVC1WyY9ALVCWXgEU
1,2026/05/25,入 溜池山王 出 後楽園,-178,モバイルSuica（モバイルSuica ID）,交通費,電車,,0,_1YUsKypNbNXvd3791vMAwak0py9voFGVgf8LeOkJ-Y
0,2026/05/25,現金,3000,モバイルSuica（モバイルSuica ID）,未分類,未分類,,1,SZ-D0hj3Waqf2fMuOwo6-gnQ8pyT-Lco2OJfuSSjhJY
1,2026/05/25,入 後楽園 出 永田町,-178,モバイルSuica（モバイルSuica ID）,交通費,電車,,0,uvxGpQucTsqkEd1Mf_ntny5nN8by0225sv3Q4KFVsaY
1,2026/05/25,給与 SBAW(カ)LINEヤフ-.カ,372086,楽天銀行,収入,給与,,0,NIfz-rr8K5zKDL9OzbcHnOuthQbxDTBmDnXtniLJuPk
1,2026/05/24,入 KQ羽1・2 出 春日,-583,モバイルSuica（モバイルSuica ID）,交通費,電車,,0,b2PeRbImw3mkP0RkGmHxbfFeOT4LEwtQU-3uJ9RfWVY
1,2026/05/23,ラクテンEDYオンライン,-10000,楽天銀行,現金・カード,電子マネー,,0,C_K2YS5949x7nPSMnDIl1D31n13cOGRahKCVS2QZTd0
1,2026/05/22,入 京急品川 出 KQ羽1・2,-327,モバイルSuica（モバイルSuica ID）,交通費,電車,,0,jwli_ou8_y4JXa4yDGpN0XDoeCZ9jdGqKNuSY7RbUx4
1,2026/05/22,入 東京 出 品川,-209,モバイルSuica（モバイルSuica ID）,交通費,電車,,0,pDdPemOXSdYG18Anl2eGoFHnUd4ZFOuF3ddT_QfxDgc
1,2026/05/22,入 後楽園 出 地 東京,-178,モバイルSuica（モバイルSuica ID）,交通費,電車,,0,HtjPeMwwc5-288KIA1xOQ5UKACbFpOx9ywARt_QyKto
1,2026/05/22,ラクテンEDYオンライン,-10000,楽天銀行,現金・カード,電子マネー,,0,TME5hTrxG5TsMW-FToQPlNpjIbZnKYsvxPMbsxccQ88
1,2026/05/21,入 永田町 出 後楽園,-178,モバイルSuica（モバイルSuica ID）,交通費,電車,,0,7B8hISWrQH9xrSlT2ufMBPoow5MfWsoDcNLPNpavunE
1,2026/05/21,入 後楽園 出 永田町,-178,モバイルSuica（モバイルSuica ID）,交通費,電車,,0,dF7K_hDYmiC0ZUGbRWnqx-5xTIQNTAHQfEOOStJGh-w
1,2026/05/20,入 溜池山王 出 後楽園,-178,モバイルSuica（モバイルSuica ID）,交通費,電車,,0,P3AHXYB2lLCLNWG3efWUAgIkaHKavH87tEOgbmVmtrE
1,2026/05/20,入 後楽園 出 永田町,-178,モバイルSuica（モバイルSuica ID）,交通費,電車,,0,fFbPxhnNCguzKDeo1YsdK4UXT1n8RyxqR4_-LheF-kw
1,2026/05/19,入 永田町 出 後楽園,-178,モバイルSuica（モバイルSuica ID）,交通費,電車,,0,ibrSz0_Ys63MUr9-GsRqsRUNPT7ydk-VW3G0TKyq0DM
1,2026/05/19,入 後楽園 出 永田町,-178,モバイルSuica（モバイルSuica ID）,交通費,電車,,0,titMbML1HSfmLe0gUpYdaJ3AX5hcEJMdqtj_iiQfYfk
1,2026/05/18,マイバスケツト,-846,楽天カード,食費,食料品,,0,hY0dpoNGtkrf1l_y-OX5o8OKNFefWyGbKXCcb2FODpg
0,2026/05/18,Suicaチャージ(楽天ペイ),-3000,楽天カード,現金・カード,電子マネー,,1,ApU7LMkwGne2OfbCdoadGMwucemUWEul7lq7tDq66_c
1,2026/05/18,物販,-213,モバイルSuica（モバイルSuica ID）,未分類,未分類,,0,kYKCYwhIz-5kPwNisaS5bzdKXy2FZayzGzYoQo7XkH8
1,2026/05/18,入 永田町 出 後楽園,-178,モバイルSuica（モバイルSuica ID）,交通費,電車,,0,qeE8bU2Zklj7cCwcEiROwXo8Hw0R7AvFjk3tuBzkh3g
0,2026/05/18,現金,3000,モバイルSuica（モバイルSuica ID）,未分類,未分類,,1,oOdnngYYE0CM6Mdf-MtUmC_SkmhH7ZoF239Tle2qI_8
1,2026/05/18,入 後楽園 出 永田町,-178,モバイルSuica（モバイルSuica ID）,交通費,電車,,0,Uj6FIzL3aIArjJF4cYF5_ZN4jSyDNpsD4Gco-WeWIgQ
1,2026/05/17,トウキヨウデイズニ-リゾ-,-3100,楽天カード,現金・カード,カード引き落とし,,0,fim7P1CHbu_OEA99KhVDol2AT4oF287-y-zwUuZ8vws
1,2026/05/17,入 地新木場 出 後楽園,-252,モバイルSuica（モバイルSuica ID）,交通費,電車,,0,FZROyEdfmiE5jJO5qITnhSyg9RTmLsdOlVi5XKTF1kM
1,2026/05/17,入 舞浜 出 新木場,-199,モバイルSuica（モバイルSuica ID）,交通費,電車,,0,E3srL6HaFhBGCEzjC9Nwx7pVZaWY6I6GQTtUkJZzPlY
1,2026/05/17,入 新木場 出 舞浜,-199,モバイルSuica（モバイルSuica ID）,交通費,電車,,0,tzHokSEWRWX5qxC5B7TU2fR5PnrdK81j3VWz0-t6PZk
1,2026/05/17,入 地 豊洲 出 地新木場,-178,モバイルSuica（モバイルSuica ID）,交通費,電車,,0,qvnLMo6j8gbaR568-G003_-HJSgP-BESAQ39xi9Ud7k
1,2026/05/17,入 市場前 出 ゆ 豊洲,-189,モバイルSuica（モバイルSuica ID）,交通費,電車,,0,vOmJaAfM1N64MDbRpOfRggzGp3mnk5z5ay9CczJZda8
1,2026/05/17,入 ゆ 豊洲 出 市場前,-189,モバイルSuica（モバイルSuica ID）,交通費,電車,,0,477vtuiMNbR0zYkO1eaO_NQ9uRNSQSpuFu19XfcAC9M
1,2026/05/17,入 後楽園 出 地 豊洲,-209,モバイルSuica（モバイルSuica ID）,交通費,電車,,0,wpTjoK2HosD8vwhGZSHATsM9kfjDu6sTZNAI8beneDU
0,2026/05/16,楽天証券投信積立0.5%~,-30000,楽天カード,未分類,未分類,,1,JwslxjM9Egd1T6LqXUE_9mLKUBifrTOlE0x42qR077g
1,2026/05/16,入 地 渋谷 出 後楽園,-209,モバイルSuica（モバイルSuica ID）,交通費,電車,,0,4DFSG1OhtSvzs3nJQmochzMxnl1DmmyLEhw120sZRp8
1,2026/05/16,入 後楽園 出 地 渋谷,-209,モバイルSuica（モバイルSuica ID）,交通費,電車,,0,VenkniSvdXc3tAzUwYlIS71-E9kLg8CVgD80Zf350WU
1,2026/05/15,アタミオサカナダイシヨクドウ,-9834,楽天カード,未分類,未分類,,0,7kkif6akme-g6xsY0__kyYdp_GtO7i_wK0GShEfyLbo
0,2026/05/15,Suicaチャージ(楽天ペイ),-3000,楽天カード,現金・カード,電子マネー,,1,B3RW9K4o7QiABUGuaVVWlPj3qMZuOTg4q571HGMsFVM
1,2026/05/15,入 東急小杉 出 後楽園,-436,モバイルSuica（モバイルSuica ID）,交通費,電車,,0,DC6bonHAzF5aKzUcVnJyUKitlHx70UZfeB67MDrXhZU
1,2026/05/15,入 後楽園 出 東急小杉,-436,モバイルSuica（モバイルSuica ID）,交通費,電車,,0,D-TC3IxSqWHgldj7NUeG4YC504tVPsYsNdUCYNYiKlI
0,2026/05/15,現金,3000,モバイルSuica（モバイルSuica ID）,未分類,未分類,,1,8a9XA2rz1dDjyD21UI4GdwWDEppXHfiYynI1Wz_A8xs
1,2026/05/15,ラクテンEDYオンライン,-10000,楽天銀行,現金・カード,電子マネー,,0,WXCo8m0jZnHus_fEc0MNHILHYcBzMFlzzAEGarx_2sw
1,2026/05/14,クラシブヤテン,-4920,楽天カード,未分類,未分類,,0,tGFr8zTveSkrYP59rXikB32_3WMZFmtgDCAlDcxv4QQ
1,2026/05/14,入 地 渋谷 出 後楽園,-209,モバイルSuica（モバイルSuica ID）,交通費,電車,,0,HfW_F6bzQ6e21ruY5t1IaoP8eiVtK9sjjlCwxX9FzTA
1,2026/05/14,入 後楽園 出 地 渋谷,-209,モバイルSuica（モバイルSuica ID）,交通費,電車,,0,XxS3u5uabU7hzKuiqXSqMJAztTzr_SWMVR29tE0YzH0
1,2026/05/14,AP(カ)ユ-パワ-,-4693,楽天銀行,未分類,未分類,,0,o-EdqcNeVuAOZ7-_2YkEedsuN6PFAd53ixHlZmYVBm4
1,2026/05/13,入 永田町 出 後楽園,-178,モバイルSuica（モバイルSuica ID）,交通費,電車,,0,bPwejLEeG9i5US2ey3gx4mP3Tlx4HkKaz4dxY1JinHU
1,2026/05/13,入 後楽園 出 永田町,-178,モバイルSuica（モバイルSuica ID）,交通費,電車,,0,jp4AldN3g3NOT7o9CXeuM1TFx8RogJMY1_lzQL8ozCI
1,2026/05/12,入 溜池山王 出 後楽園,-178,モバイルSuica（モバイルSuica ID）,交通費,電車,,0,gQb6DJT1Gn8ipOUsPiMGdh62plFTJe3edq9aQ2Tg_Bo
1,2026/05/12,入 後楽園 出 永田町,-178,モバイルSuica（モバイルSuica ID）,交通費,電車,,0,Sx5EAMARn1Lx34f_EwWBDPkrJ7Z9NZy6LqwOXVvGwiw
1,2026/05/11,ドンキホ-テコウラクエンテン,-624,楽天カード,日用品,日用品,,0,8EFSsdhTnwXKTjMC2SrCy7Dpz0RLcDAYZ0cOlvTMQq0
1,2026/05/11,入 溜池山王 出 後楽園,-178,モバイルSuica（モバイルSuica ID）,交通費,電車,,0,VcSV-2aRS2oX-JAUyP_M5rRSyt3yXJcLGukK9u1JjVk
1,2026/05/11,入 後楽園 出 永田町,-178,モバイルSuica（モバイルSuica ID）,交通費,電車,,0,3oQ_uVLIqPLpHJtD2pm4i0QUYbHdXUYbxqAsqSwQyxU
1,2026/05/10,物販,-332,モバイルSuica（モバイルSuica ID）,未分類,未分類,,0,QHrbvw3VkxLnwSp1wuFjcN92gl5g_R90vpw9opSISkA
1,2026/05/10,物販,-213,モバイルSuica（モバイルSuica ID）,未分類,未分類,,0,ASJ-ee7Qr4KuM0R0uJ3Q3r0W18Zx_TppcYEIx2VAC68
0,2026/05/09,Suicaチャージ(楽天ペイ),-3000,楽天カード,現金・カード,電子マネー,,1,zvUq_7VwiexfjMapxWrRkUMvvTiCiE5hgeMvqjwa7FU
1,2026/05/09,入 溝の口 出 後楽園,-459,モバイルSuica（モバイルSuica ID）,交通費,電車,,0,RfOFMA8Yvjt300PUEy8xWsgpVQSCDHiLXrrxH8HEAIw
1,2026/05/09,入 後楽園 出 溝の口,-459,モバイルSuica（モバイルSuica ID）,交通費,電車,,0,rUBoTyWczhZ3agA00Jt-mRteF2PCiN2Gf-1bgysvnrU
0,2026/05/09,現金,3000,モバイルSuica（モバイルSuica ID）,未分類,未分類,,1,_TUYcqu4P5rcJmCuobbH_EGs4mYjjDClOnbDpg9uBns
1,2026/05/08,イオンフ-ドスタイル,-1101,楽天カード,日用品,日用品,,0,2s00gn3WCCnXRHrGCYcwt3EXNwGzEPEqR9NklBQLnLg
1,2026/05/08,物販,-353,モバイルSuica（モバイルSuica ID）,未分類,未分類,,0,JJ6yQ-Ap4OQcqUGfNT4nSWUr-PNgAB3QUrB5nPSDutk
1,2026/05/08,物販,-213,モバイルSuica（モバイルSuica ID）,未分類,未分類,,0,J6HlVp4MXcMbJjcPQ-RgQ4kj9xP7NmRQa3RH9IWbXP0
1,2026/05/07,入 永田町 出 地 池袋,-209,モバイルSuica（モバイルSuica ID）,交通費,電車,,0,P8lvHwnFMnVZH37Th_ulRsdJzIhB2LlLFz8DP2-Jyr8
1,2026/05/07,入 後楽園 出 永田町,-178,モバイルSuica（モバイルSuica ID）,交通費,電車,,0,LVn8TFLPbTENwlDFDGOjvgyZDwN2Ht-L-lxM7P7GNMo
1,2026/05/07,ラクテンEDYオンライン,-10000,楽天銀行,現金・カード,電子マネー,,0,2w8D9tn-XECXkndXC_FMX6BlLmjdi5lKpoM-VlXz2KE
1,2026/05/05,オリンピツク ハクサンテン,-7240,楽天カード,食費,食料品,,0,fDxvAHvzU_DfyntRxqE7nJlnubArQ3Ey93sOh_SfhQM
1,2026/05/05,タツプル,-4400,楽天カード,未分類,未分類,,0,yUpnx4wzx3l0IU7rUjr_GCM3VKg5yJXqUmS3h5xdwSg
1,2026/05/05,マイバスケツト,-447,楽天カード,食費,食料品,,0,7MdoWlyZls_MZ90AeivOVCZBqdyu3u07tSb5hFsyhYI
1,2026/05/05,イオンフ-ドスタイル,-1995,楽天カード,日用品,日用品,,0,FF_WEmwuMwFWD7RfcenKZB-GjV9TrffCjfZuPyQbg2U
1,2026/05/05,物販,-536,モバイルSuica（モバイルSuica ID）,未分類,未分類,,0,KMHoS0isigYMM3mztc2smqhgy38idv-oCsE_LUBk8Cc
1,2026/05/04,カ)セイブライオンズウエブ,-7600,楽天カード,日用品,日用品,,0,uQyrczjIR50vGaFzZAA2BRWOH0ZtXzlSzVnEpU2o8iY
1,2026/05/04,入 溝の口 出 後楽園,-459,モバイルSuica（モバイルSuica ID）,交通費,電車,,0,zpiwX5hBKzuaJ0UebcB5z4Xjto63zjMczBgqzJLjmHo
1,2026/05/03,PARCO池袋,-3710,楽天カード,衣服・美容,衣服,,0,ao2GKrgliVkwqqjb0V1I8QmXa-4ezrwma1u6Et_NYYo
0,2026/05/03,Suicaチャージ(楽天ペイ),-3000,楽天カード,現金・カード,電子マネー,,1,xEdehkpxl1TLYPedEdMTuiWVhO8PGO28DKDBG5Tz6k4
1,2026/05/03,入 後楽園 出 溝の口,-459,モバイルSuica（モバイルSuica ID）,交通費,電車,,0,Gte4d4u1xhlqu6VnkvcMKXLhZvyk0cDoBvykpJ-KbwI
1,2026/05/03,入 地 東京 出 後楽園,-178,モバイルSuica（モバイルSuica ID）,交通費,電車,,0,42jii0WC16aTufRAKnguVtLHWgAntY4EQPW7Qq-9Z_k
1,2026/05/03,入 高輪ゲート 出 東京,-199,モバイルSuica（モバイルSuica ID）,交通費,電車,,0,_lBKR7OAgfqnvd-2BHaGvWhUuZOZNDcumbTleZaK-fc
1,2026/05/03,入 東京 出 高輪ゲート,-199,モバイルSuica（モバイルSuica ID）,交通費,電車,,0,gmoRo_V7Wv-Ns4QjboDjO33rY5UiC9Lzzg8LXkyuaKk
1,2026/05/03,入 後楽園 出 地 東京,-178,モバイルSuica（モバイルSuica ID）,交通費,電車,,0,HeHUx_gfmiXbGTcXuNVjgusIqESFSbtIgFfh1kbGVKc
0,2026/05/03,現金,3000,モバイルSuica（モバイルSuica ID）,未分類,未分類,,1,92U3KFzPyJkPIn7DCPydJshfTkcCqBrvOqypTSWVNIM
1,2026/05/03,入 地 池袋 出 後楽園,-178,モバイルSuica（モバイルSuica ID）,交通費,電車,,0,di3I4isLNIJ4z6FU1povFbrXAsfOm8RE2_1iq6oS3SA
1,2026/05/03,入 後楽園 出 地 池袋,-178,モバイルSuica（モバイルSuica ID）,交通費,電車,,0,iGTHSfuevnlHVe7TUtT2-Pp0fYm_BDQOrj0K7ILl2vk
1,2026/05/02,チヤ-ジスポツト,-570,楽天カード,現金・カード,電子マネー,,0,Bfev94g8FdtBCmpGgQKHyxKENehrhohaYNYrp0YsR-E
1,2026/05/02,アマゾン マ-ケツト プレイ,-1530,楽天カード,教養・教育,書籍,,0,JyB1AQkrhSmwU76EChb4J7gI7Xa8NnYioqL2wJy5u0s
1,2026/05/02,入 溝の口 出 後楽園,-459,モバイルSuica（モバイルSuica ID）,交通費,電車,,0,LjAc_HsS_WQyhb3Q6nAxJcck2HWxA4N0xojZwlkhB9A
1,2026/05/01,入 東急大井 出 溝の口,-250,モバイルSuica（モバイルSuica ID）,交通費,電車,,0,HJVFH22cyeZDmeUrvPio5VG_QLP0CxX-StFVmcFOZog
1,2026/05/01,入 東京 出 大井町,-209,モバイルSuica（モバイルSuica ID）,交通費,電車,,0,Oz4X-0FfRYvSQHuUOtNMxU5_EfdvN8B2WOxgKebny-k
1,2026/05/01,入 後楽園 出 地 東京,-178,モバイルSuica（モバイルSuica ID）,交通費,電車,,0,L9bIkR6BWSXRAVeBTqpjFD5u6E1ujmhsMvdb7mMl7Uk
1,2026/04/30,ソフトバンクエム,-3017,楽天カード,通信費,携帯電話,,0,JSxQbAEaInJDixmfg6WdXbB37rp7pVqi54lLxnP-G0g
1,2026/04/30,入 溝の口 出 後楽園,-459,モバイルSuica（モバイルSuica ID）,交通費,電車,,0,e2HyXm1vwad1yFSaT0-LauDUBAr0CM5ChfgHQFoJTKA
1,2026/04/30,入 津田山 出 武溝ノ口,-155,モバイルSuica（モバイルSuica ID）,交通費,電車,,0,hoUi1rVzjvWqJU22XrUy7PhaJQFqWUDAqfIRFm0sQMI
1,2026/04/30,入 武溝ノ口 出 津田山,-155,モバイルSuica（モバイルSuica ID）,交通費,電車,,0,YB62rjNz-yalU8qr2mp213-yn3EZmLXUbPYDnMk6axs
1,2026/04/30,入 後楽園 出 溝の口,-459,モバイルSuica（モバイルSuica ID）,交通費,電車,,0,Ey8lQ3J5ilNJAVev8YscQv-2s1Sox_Bf0B8qQreYnH0
1,2026/04/29,シ-エヌプレイガイド,-5400,楽天カード,趣味・娯楽,スポーツ,,0,KHD8MTrNtipxgLYsbFsDWm7jb04ak3y8uPvORnD0I1Q
1,2026/04/29,シ-エヌプレイガイド,-7330,楽天カード,趣味・娯楽,スポーツ,,0,tosSnZxJuoDvFtxdVG2KUaCifibDhfwzUwqOEmMyyEA
0,2026/04/29,Suicaチャージ(楽天ペイ),-3000,楽天カード,現金・カード,電子マネー,,1,x79yw_Mot-0JR0OOTmQFHSECycpecdbhE-sdvZxYGos
1,2026/04/29,入 地 東京 出 後楽園,-178,モバイルSuica（モバイルSuica ID）,交通費,電車,,0,BuCcAnNO7nEHY24ntJhQSyDWAcZQefACB50-_R8vLwY
1,2026/04/29,入 高輪ゲート 出 東京,-199,モバイルSuica（モバイルSuica ID）,交通費,電車,,0,AJW-Y4ke085TZImp4L0K_AqkMMg-_SlF-84RgCbN9-w
0,2026/04/29,現金,3000,モバイルSuica（モバイルSuica ID）,未分類,未分類,,1,EBfC9BQdDcz0l8nm-ZQngvn-l_fDr2g84N5LEZK9As8
1,2026/04/29,入 東京 出 大崎,-209,モバイルSuica（モバイルSuica ID）,交通費,電車,,0,EWZO77uNEQKAEf_uj8uQK_2OkA1bz6AofUZUHl-8fHs
1,2026/04/29,入 後楽園 出 地 東京,-178,モバイルSuica（モバイルSuica ID）,交通費,電車,,0,xFNjhvpUL_In1Y56fqZ0tHylRxq5kIXXygbbHv6-yUY
1,2026/04/28,マイバスケツト,-322,楽天カード,食費,食料品,,0,wtEJZdigaoIaZQ2Ic21QXr86GBFK5G0QngkBfsF-LZg
1,2026/04/28,マイバスケツト,-150,楽天カード,食費,食料品,,0,EfPoXjqgNA0eDY1X3RNOUoC4RRR8Jv-UbPwrw9EF3dU
1,2026/04/28,入 永田町 出 後楽園,-178,モバイルSuica（モバイルSuica ID）,交通費,電車,,0,5kv3KEhNfubPJ-RFuphwMCtPNlTFhd_bJmv6lH-mHow
1,2026/04/28,入 後楽園 出 永田町,-178,モバイルSuica（モバイルSuica ID）,交通費,電車,,0,th-PqYIEyEhpTDQg986gDLKJLeF8DfEoNHyOAFOo5xU
1,2026/04/27,マイバスケツト,-989,楽天カード,食費,食料品,,0,V4qdv4tfD_Ip5nSIjHBE7U1-NejVJSspQMDFM25h2yY
0,2026/04/27,Suicaチャージ(楽天ペイ),-3000,楽天カード,現金・カード,電子マネー,,1,EaU3eLIC2CxtWOSwVWiGRD2WSru-RNTYLS11GMRkLU4
1,2026/04/27,物販,-751,モバイルSuica（モバイルSuica ID）,未分類,未分類,,0,RLy5EDEtZxQmqoAcgiAHxqAirwinmeN1LGCDZayq-go
1,2026/04/27,物販,-1511,モバイルSuica（モバイルSuica ID）,未分類,未分類,,0,bdS3uRs0Ras657SdbPmmCVCPvlmNTC-8Z8JLcN_-254
0,2026/04/27,現金,3000,モバイルSuica（モバイルSuica ID）,未分類,未分類,,1,l-ZwP0qWchM5xU7kS7WlRal0bGhnqqkaFmf5GT0rDZ0
0,2026/04/27,ラクテンカ-ドサ-ビス,-182047,楽天銀行,現金・カード,カード引き落とし,,1,BfFrpYdrUZqzYoZ4uJ8tXriuG1Y2DFYh-e0gAXNC5hA
1,2026/04/27,SMBC(ニツポンガス,-1395,楽天銀行,水道・光熱費,ガス・灯油代,,0,jAV8f4cua-k5gbtJbLq_hIXq17Z42-knB99i8D1B3F8
1,2026/04/27,DF.ヤチントウ,-90550,楽天銀行,住宅,家賃・地代,,0,uwi92RZQv36qEs2VOeceVX_XlOoOIEttQxI6t7kq7o0
1,2026/04/27,ラクテンEDYオンライン,-10000,楽天銀行,現金・カード,電子マネー,,0,Ue0pelt9xgUhPll6PrJTNMx0dDwU_LQGWDG63LSEsvk
1,2026/04/26,入 地 東京 出 後楽園,-178,モバイルSuica（モバイルSuica ID）,交通費,電車,,0,ZxrPu-vsuABR_rCvzKGNba29kLMrxwBFnZ3EZa9E6ag
1,2026/04/26,入 舞浜 出 東京,-253,モバイルSuica（モバイルSuica ID）,交通費,電車,,0,FKMv8tIXnIbpi62pTszmIyqltzzkG-XRq87bxI_TAkk
1,2026/04/25,トウキヨウデイズニ-リゾ-,-6500,楽天カード,現金・カード,カード引き落とし,,0,JKC7JzabnKrZqe5EMsGKLMZ7psXthTfN-REdrxfd3hg
1,2026/04/25,トウキヨウデイズニ-リゾ-,-2390,楽天カード,現金・カード,カード引き落とし,,0,zyVqxMlf8KoVEqvetQuRjTd1n2U-zwvxrgMBBZzVT3g
1,2026/04/25,トウキヨウデイズニ-リゾ-,-1600,楽天カード,現金・カード,カード引き落とし,,0,8IDtX2Z0TQNUyi-vbhoutNUkPH-Q8xqUt07r2b59V0w
1,2026/04/25,トウキヨウデイズニ-リゾ-,-400,楽天カード,現金・カード,カード引き落とし,,0,vUQnTmL03Vpm4S7KFYBua3O0pVmOEVLnubDFQBkIKB4
1,2026/04/25,トウキヨウデイズニ-リゾ-,-1900,楽天カード,現金・カード,カード引き落とし,,0,vniHfjOtGZk4fOgc5fNMN6Wqc6qZJhwn75wwzQnfsSo
1,2026/04/25,トウキヨウデイズニ-リゾ-,-2500,楽天カード,現金・カード,カード引き落とし,,0,5UPFdI23aw3F3HQ-M6St1O9K9TJ8HR0cHYlYtQdEmqo
1,2026/04/25,入 東京 出 舞浜,-253,モバイルSuica（モバイルSuica ID）,交通費,電車,,0,sTTgzaMNGOqab60PV4mQuU2PgsSM2OCGdfSYbJDkyJE
1,2026/04/25,入 後楽園 出 地 東京,-178,モバイルSuica（モバイルSuica ID）,交通費,電車,,0,T2Rb9JIu9UJR-7Ih3F-26xmJr_YunB2EK9a2oyDkk9I
1,2026/04/24,磯丸水産 溝の口駅前店,-10469,楽天カード,食費,外食,,0,ID7hT1Zya4cwmws98YVw8YzM6ZB_kfdQCuebcEy3LvE
1,2026/04/24,入 溝の口 出 後楽園,-459,モバイルSuica（モバイルSuica ID）,交通費,電車,,0,hNy5S5-9uo5NazCOOP3Xx0qSipRXiHkka-Z7pz9ciIo
1,2026/04/24,入 永田町 出 溝の口,-428,モバイルSuica（モバイルSuica ID）,交通費,電車,,0,vb74ZFNbAXKpAWvRD2PTHzsjMGBZjuoRsN6a6T72uvk
1,2026/04/24,入 後楽園 出 永田町,-178,モバイルSuica（モバイルSuica ID）,交通費,電車,,0,CQO3PwKA7xIUyyA6Ovs-EW3wr41X2CyeaiCvs5_-2VU
1,2026/04/24,給与 SBAW(カ)LINEヤフ-.カ,360229,楽天銀行,収入,給与,,0,Bk-dPKqABcCWKuyGgi7gxXAk6h_WFnpmy5hDDQlEYt8
1,2026/04/23,マイバスケツト,-717,楽天カード,食費,食料品,,0,g0i8gF79S80eYFZ8fRaSkUv76M70sEdfuZZekKpMwTk
1,2026/04/23,物販,-612,モバイルSuica（モバイルSuica ID）,未分類,未分類,,0,62bGiBfzcUaXQnVOWYmU3JfQ0wnvyS7sfipsIOWTesw
1,2026/04/22,UDEMYEU利用国IRL,-1300,楽天カード,現金・カード,カード引き落とし,,0,EjJGebUZ0RdR4EdUaZUYvoqHoVeF3OiWH6Kmbr1MBZQ
1,2026/04/22,UDEMYEU利用国IRL,-1300,楽天カード,現金・カード,カード引き落とし,,0,ZkNipY-kxGz_XT1MhBcTVqqLscZe0q7pW8wDLkWQfkQ
0,2026/04/22,Suicaチャージ(楽天ペイ),-3000,楽天カード,現金・カード,電子マネー,,1,wY21MmcGznkpGU3tNQ8iLCS-M1vYIUufCX_aDXdbQts
1,2026/04/22,入 永田町 出 後楽園,-178,モバイルSuica（モバイルSuica ID）,交通費,電車,,0,rPXuXDVDa9n26foMbYu9v_LnzB1RdkR34RsoqemtkAM
1,2026/04/22,入 後楽園 出 永田町,-178,モバイルSuica（モバイルSuica ID）,交通費,電車,,0,VphgSBhhI5fKXB7wa4JOn7icQ_YQGUbFdvze-HZbljI
0,2026/04/22,現金,3000,モバイルSuica（モバイルSuica ID）,未分類,未分類,,1,5ZDQJJ9i_73KUWRZvLMWaprg7lgxOJvT2Sb5wgArPV0
1,2026/04/21,楽天イーグルス,-4000,楽天カード,趣味・娯楽,スポーツ,,0,R7CLPi8joSGb1cz93BbgFL0oUTZnrS6_Y6pHdWnYpRM
1,2026/04/21,カ)セイブライオンズウエブ,-13800,楽天カード,日用品,日用品,,0,rqMrYqP4cafoPy3oBH8lR1IupBErCPIz6lURghocs3c
1,2026/04/21,入 永田町 出 後楽園,-178,モバイルSuica（モバイルSuica ID）,交通費,電車,,0,3EuTXn2u_SZV2J0VI80mOBO-RA6oaAchXfavCWPbUCQ
1,2026/04/21,入 後楽園 出 永田町,-178,モバイルSuica（モバイルSuica ID）,交通費,電車,,0,opj01_Aa-l1Na7FxLeT1D2R4T4ATr1ewEnaQzzPh0io
1,2026/04/20,イオンフ-ドスタイル,-965,楽天カード,日用品,日用品,,0,XisR8Z75a_dAgfIW8HQNUE017FIy15FFnITFtuZ5NHk
1,2026/04/20,トウキヨウデイズニ-リゾ-,-13800,楽天カード,現金・カード,カード引き落とし,,0,6ZZAAI9rM758yqKKGv8spNsW_qomMcjMIFu517R0unI
1,2026/04/20,シ-エヌプレイガイド,-24570,楽天カード,趣味・娯楽,スポーツ,,0,H0MlS6-1K-Yi5kPUmuGJxxtZXN8W1948QSVQ6iMrCfE
1,2026/04/20,賞与 SBAW(カ)LINEヤフ-.カ,573298,楽天銀行,収入,一時所得,,0,9mCAgaR0eX4Jj59H5xqyGsdeLVWGSDlDsuO2Kf0fwxo
1,2026/04/19,ヒナタシヨクドウ ピージー,-1360,楽天カード,未分類,未分類,,0,0AI3X-DfnavC3Oln0Vj3FKG5qf9W9bkefKtE5NhD82g
1,2026/04/19,入 宮前平 出 後楽園,-459,モバイルSuica（モバイルSuica ID）,交通費,電車,,0,SJxFs6aQ8W6QfZXHG6AzZl1S2jF1vI9MQAXvnOGMk7I
1,2026/04/19,入 後楽園 出 宮前平,-459,モバイルSuica（モバイルSuica ID）,交通費,電車,,0,T9OUM15OQqrUspMabXydxqJm0On_KKBNmkbY3bolGI0
1,2026/04/18,マクドナルド モバイルオーダー,-1450,楽天カード,食費,外食,,0,aG2FxzZUeNHFuZpoFjXzUd20-j7fXIHUsjtQa2sYesc
1,2026/04/18,入 地 東京 出 後楽園,-178,モバイルSuica（モバイルSuica ID）,交通費,電車,,0,T6kmVIbnBawxjS9e1vk_RqlFLl5pdDpnHEoj3OWZD_Y
1,2026/04/18,入 関内 出 東京,-616,モバイルSuica（モバイルSuica ID）,交通費,電車,,0,yUXoCbQVvvl_mOj66aAsFVESc6wk466wSD1tJ8fxywo
1,2026/04/18,入 東京 出 関内,-616,モバイルSuica（モバイルSuica ID）,交通費,電車,,0,nvEtyMly0nCd6SFuGduHFyCG098-VWv8Bqfu5LFfrFM
1,2026/04/18,入 後楽園 出 地 東京,-178,モバイルSuica（モバイルSuica ID）,交通費,電車,,0,OIZJek7MzXLr-s-_sejdxSDuhG0_isYfZ8mninLRKOI
1,2026/04/17,ユニクロ GU PLSTオンラ,-5050,楽天カード,衣服・美容,衣服,,0,bTsLTrguXehzs7NCh4QU9BACnnyvq-Jy4nftnxsOn8U
1,2026/04/17,イオンフ-ドスタイル,-535,楽天カード,日用品,日用品,,0,BIXoRglriwdoaCIXNoXXDLzYI18dFo27fi2UnRUNaHU
1,2026/04/17,マイバスケツト,-1159,楽天カード,食費,食料品,,0,nhW1Ad8Lpq9BSjvFyeRb1kG6G9VKCXxp4pzWH0cTlT0
0,2026/04/16,楽天証券投信積立0.5%~,-30000,楽天カード,未分類,未分類,,1,7vyxs2VOLtqi8lC6hYpq_E8uiRslYdAasUahQsgwmJc
0,2026/04/16,Suicaチャージ(楽天ペイ),-3000,楽天カード,現金・カード,電子マネー,,1,3H8pO4lHgskDqTUP7mUZb7g1ZLML6szui5VSeOV3Oeg
1,2026/04/16,入 地 東京 出 後楽園,-178,モバイルSuica（モバイルSuica ID）,交通費,電車,,0,A5GXjdRIrmQ8oVMyZ5slXEuzmwHc2usdg5At_EmOXBI
1,2026/04/16,入 品川 出 東京,-209,モバイルSuica（モバイルSuica ID）,交通費,電車,,0,pvfRWRLn5-YLCOXh3Qv-ttwbpFOcbqtJCfMHeGOI--M
1,2026/04/16,入 東京 出 品川,-209,モバイルSuica（モバイルSuica ID）,交通費,電車,,0,FGJHTjzLtmSSbXAuYhB4vF18xX6XQ5wnUFlPaE14_Rs
0,2026/04/16,現金,3000,モバイルSuica（モバイルSuica ID）,未分類,未分類,,1,Z4nfkyZsm62XabnyEkfvgfKxXiPMo8lxcXwby9Iniz4
1,2026/04/16,入 後楽園 出 地 東京,-178,モバイルSuica（モバイルSuica ID）,交通費,電車,,0,sTZ7sXi2_e2aetMTVQasWxOm6Y-ykH1jp0cVQSOn9r0
1,2026/04/15,入 永田町 出 後楽園,-178,モバイルSuica（モバイルSuica ID）,交通費,電車,,0,XwWcCWvzEqq5ElXJ_Y6LHEO4rbU7fDBbDaYKaeTH7pk
1,2026/04/15,入 後楽園 出 永田町,-178,モバイルSuica（モバイルSuica ID）,交通費,電車,,0,0_zmuVAOiq9Lo5XHvNP3lyyYJl-9Xx3vuK4qVoGle-g
1,2026/04/14,PARCO池袋,-11110,楽天カード,衣服・美容,衣服,,0,QlUNRtwhCLrPIKG2CW0MMVwlJNeJqxowijSbwV-GcyI
1,2026/04/14,トウキヨウトスイドウキヨク ス,-3806,楽天カード,水道・光熱費,水道代,,0,FKZs0aJIVKg3LK8TSmjDO5fUsciy1mdTYrOD1WHr5tM
1,2026/04/14,入 地 池袋 出 後楽園,-178,モバイルSuica（モバイルSuica ID）,交通費,電車,,0,KStAYRmiTa89HfxU8Jg-XBznV3KhfpfyfhZXCdr4aRY
1,2026/04/14,入 永田町 出 地 池袋,-209,モバイルSuica（モバイルSuica ID）,交通費,電車,,0,xF5Tkt7x9B3LUoK6yD_c8ntBypS9dQTL7p0GvJi5-o0
1,2026/04/14,入 後楽園 出 永田町,-178,モバイルSuica（モバイルSuica ID）,交通費,電車,,0,2Z87bayy_18u3jT8VQt8PBnf3XvHiEppbapcLMs7FPw
1,2026/04/14,AP(カ)ユ-パワ-,-4059,楽天銀行,未分類,未分類,,0,veD66nov20Y7Nldc-PLY_ZivEgewtf-9vJOTuZOtDVw
1,2026/04/13,入 地 池袋 出 後楽園,-178,モバイルSuica（モバイルSuica ID）,交通費,電車,,0,0SuGTEVF97xmfZS2FpCOjdRvQzRAuvkfQFM0ThvE03g
1,2026/04/13,入 永田町 出 地 池袋,-209,モバイルSuica（モバイルSuica ID）,交通費,電車,,0,4TqfqdtUQnqVQ1uMh01MFqkl2CrG0GnpTT29enEAaiE
1,2026/04/13,入 後楽園 出 永田町,-178,モバイルSuica（モバイルSuica ID）,交通費,電車,,0,AU_t8X9t-fRD2qUxdMbvCEDvfCGMoVXH2imd79eMllc
1,2026/04/13,ラクテンEDYオンライン,-10000,楽天銀行,現金・カード,電子マネー,,0,R2VOr69P_Fq4vKlmY09bQ05ByvWh9WVKeLFvfDWq7oo
1,2026/04/12,物販,-863,モバイルSuica（モバイルSuica ID）,未分類,未分類,,0,tZnXFHQOfPHDP8d9DBwKBTuunl895rcr2IPYOsZUhlU
1,2026/04/11,フクマシシカイイン,-1930,楽天カード,未分類,未分類,,0,Wtz5p8rYunogg0WzIeCsodDyfQxlmaXyga4VgxsaT9I
1,2026/04/11,マイバスケツト,-484,楽天カード,食費,食料品,,0,uDXLj_v2gEti-WehpVpBYiZiF_gaH0yW3OZEHTUXEPc
0,2026/04/11,Suicaチャージ(楽天ペイ),-3000,楽天カード,現金・カード,電子マネー,,1,SVt5oJQVamJtecCQyxQ0G_EYNGsnE7hhbVPGAlZQ4W0
0,2026/04/11,現金,3000,モバイルSuica（モバイルSuica ID）,未分類,未分類,,1,X7eH5xQZ5wbpyBMqG9gFzQJKJ1spyaSxWf7utMBaEFU
1,2026/04/11,入 溝の口 出 後楽園,-459,モバイルSuica（モバイルSuica ID）,交通費,電車,,0,yDXiomWFgbwWBJcHjEyFEbFNdpLyKEpm-vR3eCcgDhY
1,2026/04/11,入 後楽園 出 溝の口,-459,モバイルSuica（モバイルSuica ID）,交通費,電車,,0,HY1UNNc2gZ6J-IkI_E5Kpluzx8SbkxGWHVvuLPPA-FY
1,2026/04/10,マイバスケツト,-1318,楽天カード,食費,食料品,,0,bl_OSuOslwD2BhW6i_f-SibHU66P44CdCd4IXk6yAso
1,2026/04/09,物販,-429,モバイルSuica（モバイルSuica ID）,未分類,未分類,,0,0IIRQNPeiF8dFYrbSySLdBu5rAl0yKPC-Bfyf8Tg1Kw
1,2026/04/08,ヨドバシカメラ パーソナル,-441,楽天カード,日用品,日用品,,0,fpSbR7svcbG2ybYD1d1H5A-59jAibTDgHaWnnvglxaM
1,2026/04/08,入 溜池山王 出 後楽園,-178,モバイルSuica（モバイルSuica ID）,交通費,電車,,0,vW1DQO1ecIsfPfCQ1brPKutmMTBUxGyNEpM517HkZ5I
1,2026/04/08,入 後楽園 出 永田町,-178,モバイルSuica（モバイルSuica ID）,交通費,電車,,0,j6SrXjMB2GJ43l3c6WPn8kcUM2GUHiRVsrYmiXgjZWA
1,2026/04/07,入 永田町 出 後楽園,-178,モバイルSuica（モバイルSuica ID）,交通費,電車,,0,Q57ao2qHxUOsYKRWTFZzwXg4dKFLNlymf0nTRne9JNE
1,2026/04/07,入 後楽園 出 永田町,-178,モバイルSuica（モバイルSuica ID）,交通費,電車,,0,9XlOTYKnr2-WNsvZ9miQ-QjE6l5F-wUw_itITqODUXo
1,2026/04/06,アマゾン マ-ケツト プレイ,-750,楽天カード,教養・教育,書籍,,0,RTV8Km-4t7ZGvsDAju5JmoOhlPFWPXsi4lew7z94Hak
1,2026/04/06,タツプル,-4400,楽天カード,未分類,未分類,,0,e9KPsShF6-P8YQQljVWi5wwNiPqQ-SHkAuW4ZYygUbU
1,2026/04/06,マイバスケツト,-31,楽天カード,食費,食料品,,0,ck1V-ymZkeqU_OiJx3-8cJM9_f-ks54uAy-QLO2e5d0
1,2026/04/06,マイバスケツト,-846,楽天カード,食費,食料品,,0,N5RDsDUrr0DufpHshx3ZmeyRwn5NkgSfWpx_af7avfI
1,2026/04/04,楽天SP デコレーションズグッズ販売13,-3960,楽天カード,未分類,未分類,,0,aNxbk0eZNF53MkLPfSkAjP0FLajuHoPHGh98ua1dKH0
0,2026/04/04,Suicaチャージ(楽天ペイ),-3000,楽天カード,現金・カード,電子マネー,,1,6J_rEZrtuNQkfWRaglxsJk0W3H4dqwUgnHmXFuzDcbE
1,2026/04/04,マクドナルド モバイルオーダー,-1060,楽天カード,食費,外食,,0,EAtyRyx2EzuEPIqcgRLG-Jz6WRCdao2Ehn4QjiEjHaY
1,2026/04/04,入 地 東京 出 後楽園,-178,モバイルSuica（モバイルSuica ID）,交通費,電車,,0,vlfLZBhXUJ0X5Plv6IBQaILKEyfS5d7PpbSOad7wN1c
1,2026/04/04,入 舞浜 出 東京,-253,モバイルSuica（モバイルSuica ID）,交通費,電車,,0,_zAfEisEJXsVtVKHBesZL2L7EpQMWuCirbKSK4itjHY
1,2026/04/04,入 新木場 出 舞浜,-199,モバイルSuica（モバイルSuica ID）,交通費,電車,,0,M48AG_Q_5obaXYlwddcus_G5Lrl5VgnpQU1zkpVHT6Y
1,2026/04/04,入 地 豊洲 出 地新木場,-178,モバイルSuica（モバイルSuica ID）,交通費,電車,,0,P-CWS2YPvLgGySdZo325-e1OchpK54GmUIkv_u0G3dM
1,2026/04/04,入 市場前 出 ゆ 豊洲,-189,モバイルSuica（モバイルSuica ID）,交通費,電車,,0,zUnEcXqAveDCkSfj6jM6Qowybu9yHUVjMkPLwJntnpg
1,2026/04/04,入 ゆ 豊洲 出 市場前,-189,モバイルSuica（モバイルSuica ID）,交通費,電車,,0,GBhi7xJyNCDSlDFLhtu7smpjfvwYBgTFSELYujeNfXE
0,2026/04/04,現金,3000,モバイルSuica（モバイルSuica ID）,未分類,未分類,,1,j7lWHhZYv2dKZVFI_FsRcRvk1TWGfVaXMcSeJH9uNNQ
1,2026/04/04,入 銀座一丁 出 地 豊洲,-178,モバイルSuica（モバイルSuica ID）,交通費,電車,,0,ACioTFnzQkLHZPbIRG1wqHYtri-6_KAr9jflGu_-6Y4
1,2026/04/04,入 春日 出 都日比谷,-178,モバイルSuica（モバイルSuica ID）,交通費,電車,,0,V0ftx1HFpEtsmvEFrtUWFg0uy5krz8k1NprRv406XIM
1,2026/04/04,ラクテンEDYオンライン,-10000,楽天銀行,現金・カード,電子マネー,,0,YMwvhLo21R1xkDUFRfmE-tgzm2-qTGv1eHsPXXZOW20
1,2026/04/03,コ-クオン アツプルペイ ツ,-80,楽天カード,未分類,未分類,,0,w-I9bOsjeNxIbV49elbpO2d6Ta_61cPEI4pyuKMFG2M
1,2026/04/03,入 地 渋谷 出 後楽園,-209,モバイルSuica（モバイルSuica ID）,交通費,電車,,0,hJ-oFxeToIOMQ0Z3_fVlZzQSfgm9GnP0dbWKkW22Hlo
1,2026/04/03,入 永田町 出 地 渋谷,-178,モバイルSuica（モバイルSuica ID）,交通費,電車,,0,EshCdAWad7Nvs9yI5mPvsB85p-tZNPJBIIvAjto4Yjk
1,2026/04/03,入 後楽園 出 永田町,-178,モバイルSuica（モバイルSuica ID）,交通費,電車,,0,1VUHCUqvVGgOnw6ZXkd83W5kXYaX7lmWIKYe6E1iIys
1,2026/04/02,エ-エフブンキヨウカスガ,-7700,楽天カード,未分類,未分類,,0,Rk19PZJ1_Ike9t6K2LHlKFYikK6xra1fyZS1YY2LMSA
1,2026/04/01,イオンフ-ドスタイル,-752,楽天カード,日用品,日用品,,0,fCXPKX0Xy7E-OEN50M4c-TrbofRNxeeU_3Ej8vw1BVI
1,2026/04/01,入 永田町 出 後楽園,-178,モバイルSuica（モバイルSuica ID）,交通費,電車,,0,EQmzj3X22Up2QJNBqEkPXqcS_k9W-3w86P4xCwTDxbY
1,2026/04/01,入 後楽園 出 永田町,-178,モバイルSuica（モバイルSuica ID）,交通費,電車,,0,wxSN3VoL2-lBp0_NsQPjZU3_dqQ5ozJ7MzSfOT7Qj50
1,2026/04/01,ゆうちょ銀行 〇一八 普通預金 9345270 レジヤ-ズヤキユウブ(依頼人名:ミタ リヨウイチロウ 振込予定日:2026年04月01日 管理番号:20260401-68295964),-7000,楽天銀行,未分類,未分類,,0,QD9OKnwxz_P26Xy7AwwQSy30J8YdlkhGfkfzlJ6Kc_c
1,2026/03/31,マイバスケツト,-1137,楽天カード,食費,食料品,,0,LPjvo8cjBT5HB0Nc9RwTdDcw498JU1W2MjiG3fgzdHw
1,2026/03/31,マイバスケツト,-321,楽天カード,食費,食料品,,0,VKhtKKv9pKJqne3eygJQr_ECK2sbuNipYzsJHsUyZ1I
1,2026/03/31,ソフトバンクエム,-2975,楽天カード,通信費,携帯電話,,0,MsGvobwI0eIAz3yS4G6Sd7SvR-_g0H9g9jspFBjqbus
1,2026/03/31,預金利息,3390,楽天銀行,収入,その他入金,,0,NUtKL5iQeOfLicgr8-ujQzv4hxrdurpoxEprZBdXGCg
1,2026/03/29,マイバスケツト,-2528,楽天カード,食費,食料品,,0,UOyopC3U4TEYdeAMfbI7UpK45pBUmbrs4-J768nG7GM
1,2026/03/28,フクマシシカイイン,-3310,楽天カード,未分類,未分類,,0,vzESO7HBDjd6_cQEbzwXjaJpGtrb57R7L0ATSkA4_nE
1,2026/03/28,入 溝の口 出 後楽園,-459,モバイルSuica（モバイルSuica ID）,交通費,電車,,0,uEuSR8ciLjLjRc1pr1AAz9X52I5Yd-FD9Y-tNw1L09g
1,2026/03/28,入 後楽園 出 溝の口,-459,モバイルSuica（モバイルSuica ID）,交通費,電車,,0,FsL41uQ__kqS4J4uAnL5sNp-s6A50Uj1pPpxS9pzg0k
1,2026/03/28,カ-ド出金 セブン銀行003401001110429,-6000,楽天銀行,現金・カード,ATM引き出し,,0,tjYjB_PJRWQgkH6nakXA6Iz3M_J8NJyorKshAwL1N5M
1,2026/03/27,アルペン,-6649,楽天カード,趣味・娯楽,スポーツ,,0,H0U7swF3CVI_QdP-QRQVyS-czQgD_u4MVor1SaEFTD0
0,2026/03/27,Suicaチャージ(楽天ペイ),-3000,楽天カード,現金・カード,電子マネー,,1,Kp0U58fEZdbE4RsdXRdX5mBLh07VN7qNutrW1bCNBPU
1,2026/03/27,物販,-484,モバイルSuica（モバイルSuica ID）,未分類,未分類,,0,vr-Pv9XTIIzUutGW4zG84GqB1HaXGjXhN2OlerJ8gZg
1,2026/03/27,入 地 渋谷 出 後楽園,-209,モバイルSuica（モバイルSuica ID）,交通費,電車,,0,FjZ5v6Wji5-DJ8dWomP3Zn2efrZaCMxPy5IHEwcX2QU
0,2026/03/27,現金,3000,モバイルSuica（モバイルSuica ID）,未分類,未分類,,1,2IX2am8BjiCoPn2kx5_-7OcaQO5rBfuIek5-gdOVlDE
1,2026/03/27,入 御茶ノ水 出 新宿,-209,モバイルSuica（モバイルSuica ID）,交通費,電車,,0,bUMFdjGOhwOGejrqvp5lYbNBk0yArqxxJNNnlF6jb7s
1,2026/03/27,入 後楽園 出 地御茶水,-178,モバイルSuica（モバイルSuica ID）,交通費,電車,,0,cTZ9xjBUsELAvewnUTBS5sCcJazSD-dv1iHslPSYgFo
1,2026/03/27,入 都日比谷 出 春日,-178,モバイルSuica（モバイルSuica ID）,交通費,電車,,0,Ct2pAADoQOEKC_JI9b3GQjT8N-nK4rTzZm5T3USmNdE
0,2026/03/27,ラクテンカ-ドサ-ビス,-202598,楽天銀行,現金・カード,カード引き落とし,,1,yGJrKr14d3H2i1FA-oT0zAEBYJK0gvSunoV-tfxVyD0
1,2026/03/27,SMBC(ニツポンガス,-1395,楽天銀行,水道・光熱費,ガス・灯油代,,0,UcDTxS--BlhYVwik0rsrcoMSIf6UDfgeZ_YccpvS6cc
1,2026/03/27,DF.ヤチントウ,-90550,楽天銀行,住宅,家賃・地代,,0,14HkwCWSNRbPwO_tpYGoQvtyd5Lu3L128N-P1nP3XMY
1,2026/03/26,TOHOシネマズ(WEB),-700,楽天カード,趣味・娯楽,映画・音楽・ゲーム,,0,9BXBeZ0FFEd859dF3vFYkt0eIYpU2FCinNWbyMr33XQ
1,2026/03/26,入 永田町 出 地有楽町,-178,モバイルSuica（モバイルSuica ID）,交通費,電車,,0,tt6gVk88C-TJ7r-CvsjYlv-9RECrhKa60-3tSW-eU04
1,2026/03/26,入 後楽園 出 永田町,-178,モバイルSuica（モバイルSuica ID）,交通費,電車,,0,chUfmZgQ-RrxUBQoLfpUqtZFNKtpxTH1DSEazlTP0Qk
1,2026/03/25,オクナイガタスポ-ツシセツ,-5500,楽天カード,趣味・娯楽,スポーツ,,0,8cKC6Q-WwPQPYfV5pJ7e_kl7r2s0plzmZ5mwY_xdVH4
1,2026/03/25,イ-プラス,-1885,楽天カード,趣味・娯楽,映画・音楽・ゲーム,,0,YOcM8y4gN2C3FFM-M5FLtwRHof_ZZ4w4NgxFxWNt4y0
1,2026/03/25,ベネフイツト ワン,-1500,楽天カード,その他,雑費,,0,1Ql3Hs60tte_rQ8p3jUBlw31n3cKQOpb2pDROhOer1U
1,2026/03/25,給与 SBAW(カ)LINEヤフ-.カ,327938,楽天銀行,収入,給与,,0,Cakvt7faSqD2eBJKVswmuH9NiV3iodELKTMJUf6ASZA
1,2026/03/24,マイバスケツト,-1114,楽天カード,食費,食料品,,0,L0RA5cIju6VjZDQ2yA6NGUuy2zSGA28T0DkclEIGkeM
1,2026/03/23,アマゾン,-791,楽天カード,未分類,未分類,,0,kiTI4wgo6ewuMtTb3hN9me63Qq8C2c2CsY637YY8b1w
1,2026/03/22,マイバスケツト,-1738,楽天カード,食費,食料品,,0,IlY9RnCgmKI48fTttB93HfbfTHBtbSeEp2tSgEtmmQ4
1,2026/03/22,物販,-589,モバイルSuica（モバイルSuica ID）,未分類,未分類,,0,AcxjN-KdAcx2EJjvixg84cH1HiacZCT2cnAFaW7nCOc
1,2026/03/21,入 地 東京 出 後楽園,-178,モバイルSuica（モバイルSuica ID）,交通費,電車,,0,L8VitF-Opsvs-f4Hn61h4WFeq6z3slqpREtywO5F5Uo
1,2026/03/21,入 後楽園 出 地 東京,-178,モバイルSuica（モバイルSuica ID）,交通費,電車,,0,vZcQPW-pDsdXu7h-3Qm92yWoi7XrUbeyRzmeqsHl1Qg
1,2026/03/21,給与・賞与・年金受取ボ-ナス金利利息,313,楽天銀行,収入,その他入金,,0,HZTbRh01BkTR_AlAouX6bsM83iNWefmdo4PKGVFMBJU
1,2026/03/21,口座振替(楽天カ-ド以外の引き落とし:1-2件)ボ-ナス金利利息,105,楽天銀行,収入,その他入金,,0,qZhKYJRWUiTiOn4AQ29CLNnw033pkE35U_DTtfEAxPU
1,2026/03/21,口座振替(楽天カ-ド以外の引き落とし:3件以上)ボ-ナス金利利息,105,楽天銀行,収入,その他入金,,0,ZjENN-AhuRKHairfWhcmLxchCBX7Wd754SIOpEQzbao
1,2026/03/21,カ-ド出金 セブン銀行003401001100324,-8000,楽天銀行,現金・カード,ATM引き出し,,0,GObPULUtq1AAs6wDje2ns_kMR0OwxwqGO1WwISpVWaI
1,2026/03/20,マクドナルド モバイルオーダー,-1390,楽天カード,食費,外食,,0,1DM0iFpjg277l2j9nLz1ScFNv9gyRB_TwkmSQQmWrNQ
1,2026/03/20,ジヤングリアチケツトウエブ,-5610,楽天カード,趣味・娯楽,映画・音楽・ゲーム,,0,N3S6vPxwwIMKvGWaf97u9FIIuJaM0C_CWexbZKEJyvk
1,2026/03/20,入 都日比谷 出 春日,-178,モバイルSuica（モバイルSuica ID）,交通費,電車,,0,JpF_-qmqBzyTAPSSrwLWLMHCvubnmhdbbeuvP0CNZKc
1,2026/03/20,入 都水道橋 出 都日比谷,-178,モバイルSuica（モバイルSuica ID）,交通費,電車,,0,JG8DKsHWwnXNzXkWARPgrq_X99B5xUPn99rE4lD0Y28
1,2026/03/20,物販,-73,モバイルSuica（モバイルSuica ID）,未分類,未分類,,0,dLvWPlsXiQ0bJF8ikgz7BvRmftMH_8pblC_sThtwEsc
1,2026/03/20,ラクテンEDYオンライン,-10000,楽天銀行,現金・カード,電子マネー,,0,vpICjJjbRJ3QrbXuMhwDbXOp1pDWXpFG8R-ehL9nWdk
1,2026/03/20,PayPay銀行 かわせみ支店 普通預金 2082710 ミタ リヨウイチロウ(依頼人名:ミタ リヨウイチロウ 振込予定日:2026年03月20日 管理番号:20260320-66635499),-50000,楽天銀行,現金・カード,電子マネー,,0,BVh7myxJz0QPi8nPLw8B9ZAbjMFDmyDq5azJxfxbmIk
1,2026/03/19,ニクジユウハチバンヤ アカサ,-45000,楽天カード,未分類,未分類,,0,iMpvj0a0wGTeoIpOIXc0EKo6CAgNB8reTqJC2r-v8Fw
1,2026/03/19,入 永田町 出 後楽園,-178,モバイルSuica（モバイルSuica ID）,交通費,電車,,0,4qADe_BBkCda5zXtF0JPy4wB6yx7QB7d0uULhVCAV-c
1,2026/03/19,入 後楽園 出 永田町,-178,モバイルSuica（モバイルSuica ID）,交通費,電車,,0,jMHL05mEc8S0PZZ7PKwKWAeqdrbFHySWg1gn73Ola-w
1,2026/03/18,オリオンツアー,-34600,楽天カード,趣味・娯楽,旅行,,0,kaAv9Fwvh6KSOmu01ZcjGcHoshU_YBHCm9CWk2ASsUw
0,2026/03/18,Suicaチャージ(楽天ペイ),-3000,楽天カード,現金・カード,電子マネー,,1,KecycaSD8MERC7rYjmXFNybkLQd9Rv014fiwDV4t2uw
1,2026/03/18,TOHOシネマズ(WEB),-3300,楽天カード,趣味・娯楽,映画・音楽・ゲーム,,0,yv04TnzEpbF_YtmpiHdhlPtZCszWHqjiuSTMEmzlidw
1,2026/03/18,入 三越前 出 後楽園,-178,モバイルSuica（モバイルSuica ID）,交通費,電車,,0,VE26FKODeEYRvExDjdfjfyQUCpmhatCsJSBWTBxN9Qo
1,2026/03/18,入 後楽園 出 三越前,-178,モバイルSuica（モバイルSuica ID）,交通費,電車,,0,lohTHtZtMhKH_KPo0uHETFdAJJbsiMb5ZoxN6EkbChE
0,2026/03/18,現金,3000,モバイルSuica（モバイルSuica ID）,未分類,未分類,,1,QFF3mw5yzjSlhXDXjK0I6DfrVDjMpkDH4PdcGS5a6jk
1,2026/03/17,マイバスケツト,-1243,楽天カード,食費,食料品,,0,zSTqnOYLX9F3uaJz0XnqpvXuZAoI3V_p65sGHxx0T_k
1,2026/03/17,イオンフ-ドスタイル,-966,楽天カード,日用品,日用品,,0,AV8nyfzXyliC05D8AOkHzmbfVo2Zy3diaIfukrqcFEg
1,2026/03/16,マイバスケツト,-588,楽天カード,食費,食料品,,0,PJMZwNgDGo_PVX1ZT3g3X1Wcahoz-dryDeEoapM4EK4
1,2026/03/16,マイバスケツト,-921,楽天カード,食費,食料品,,0,JKj_MrMsGlpGvnpx_tkJF1IAggSa9zEqlgCblY1thDI
0,2026/03/16,楽天証券投信積立0.5%~,-30000,楽天カード,未分類,未分類,,1,r1Q03yy7fR9lPmSdfEblcVfnbwUi5VVqTwLahp9mwSs
1,2026/03/16,AP(カ)ユ-パワ-,-5328,楽天銀行,未分類,未分類,,0,YyQfdqtQud-iXVf6tGXE-lR03kd5kF-10aFyDM7A2Mk
1,2026/03/15,入 地 東京 出 後楽園,-178,モバイルSuica（モバイルSuica ID）,交通費,電車,,0,HKtncT76Y1PXK-kuLaqg_T0DQjvng0Y4NDylDPXhR9Q
1,2026/03/15,入 横浜 出 東京,-528,モバイルSuica（モバイルSuica ID）,交通費,電車,,0,je4wEyijbDdR3TNLy_lPLndvPaetpzqA7HM2VCdsD7g
1,2026/03/15,物販,-1100,モバイルSuica（モバイルSuica ID）,未分類,未分類,,0,0KiILUaZF4OpvqkMpbwj3RBuwbNC7ZGnG6Bc2b6fyV8
1,2026/03/15,入 東京 出 横浜,-528,モバイルSuica（モバイルSuica ID）,交通費,電車,,0,_4BtKw3YmlTp7jOA4XGb_YbS4liuxjAi8VMedSqc41Y
1,2026/03/15,入 後楽園 出 地 東京,-178,モバイルSuica（モバイルSuica ID）,交通費,電車,,0,crk6iNY2T-EdNvhRmMltxA98or3yhWQppTnHpPYjEFc
1,2026/03/15,物販,-73,モバイルSuica（モバイルSuica ID）,未分類,未分類,,0,Cs0N3VY6pP2k8I_QQC6Qa0V-1pYWtbypg1oIKk8Tg-Q
0,2026/03/14,Suicaチャージ(楽天ペイ),-3000,楽天カード,現金・カード,電子マネー,,1,NPC6h44m1PSwH8Okp3mB1urX6at11iWh2fNZMCtGCGY
0,2026/03/14,現金,3000,モバイルSuica（モバイルSuica ID）,未分類,未分類,,1,ZU4NTnRqunt_1BUTZSSlQDIiyg81ETwIIT_KiabXFgk
1,2026/03/14,物販,-171,モバイルSuica（モバイルSuica ID）,未分類,未分類,,0,ZrhZtV0dZuUXzQnDXG6n23MH8Vz22v1QWZSofiLnrQg
1,2026/03/13,マイバスケツト,-213,楽天カード,食費,食料品,,0,KyiVXO42S4_erIOzLTUBv7mD3kP1cIAZRDziC2XbLSU
1,2026/03/13,マイバスケツト,-1591,楽天カード,食費,食料品,,0,z_lgz44LOhEdFUOTA0_fb8W0doqK9YA7yYy3_mlMu2A
0,2026/03/13,Suicaチャージ(楽天ペイ),-5000,楽天カード,現金・カード,電子マネー,,1,reRP5RWw2bQIlQK4AinTaFJu8WoDcZL-2x-MqVHryhY
1,2026/03/13,物販,-5844,モバイルSuica（モバイルSuica ID）,未分類,未分類,,0,BFMaDPv4qp_x7qZcDEkvCIUqidQLWbfFUVU_i7QfYpc
0,2026/03/13,現金,5000,モバイルSuica（モバイルSuica ID）,未分類,未分類,,1,wxAio7-k87q4Mfnrq0ZTCSTQqsDrDrIYJpDGZAQ22jM
1,2026/03/12,入 都日比谷 出 春日,-178,モバイルSuica（モバイルSuica ID）,交通費,電車,,0,MSHR2Kz1gaAYy_M1rzKZH3DHFZhUOS2ppB06eUcdv7Q
1,2026/03/12,入 永田町 出 地有楽町,-178,モバイルSuica（モバイルSuica ID）,交通費,電車,,0,wmuQLuMOZZ6oYnd-wpXmBXwWTtRHGp9cE3LLfDYGAJY
1,2026/03/12,入 後楽園 出 永田町,-178,モバイルSuica（モバイルSuica ID）,交通費,電車,,0,m4zS1Ldz5K-VNZhU0JKwH_DBrIeq_3cFJ2fM0gW8FNo
1,2026/03/11,マイバスケツト,-1569,楽天カード,食費,食料品,,0,cXJgX_CHdDvGlooPaiq4wsD8CufeTe68F4G-8fMKvAg
1,2026/03/11,TOHOシネマズ(WEB),-200,楽天カード,趣味・娯楽,映画・音楽・ゲーム,,0,Gh-nso3uFAViwDIoSdDd9rV7nY2GVe91Fx_9p229llo
1,2026/03/10,入 地 東京 出 後楽園,-178,モバイルSuica（モバイルSuica ID）,交通費,電車,,0,OACkztqAP8mZyotQTDfJEfSqICc5kTpoS5m2mOhZnWI
1,2026/03/10,入 品川 出 東京,-178,モバイルSuica（モバイルSuica ID）,交通費,電車,,0,uWWkNeRlb_n6xdNztIYTn21ll1m3SY4efLp_K6YWSjc
1,2026/03/10,入 渋谷 出 大崎,-167,モバイルSuica（モバイルSuica ID）,交通費,電車,,0,hA6TuaxIuYE0xoXUpLk1koo0fE9hIUwJrLdT2TCZKZs
1,2026/03/10,入 永田町 出 地 渋谷,-178,モバイルSuica（モバイルSuica ID）,交通費,電車,,0,3yLb8yw7c_m_Uln9NASo-7Z2yIDsMoMfw1_0tu4mhII
1,2026/03/10,入 後楽園 出 永田町,-178,モバイルSuica（モバイルSuica ID）,交通費,電車,,0,ENDJTbIHHnyvBHVOYHQyUWfoalyXt_TLIO-VxEh2nbA
0,2026/03/08,Suicaチャージ(楽天ペイ),-3000,楽天カード,現金・カード,電子マネー,,1,OXDcHo1BpyRMT_lRSsk9MlA6QHKbfnnDuRDyRhfaJTE
1,2026/03/08,物販,-1440,モバイルSuica（モバイルSuica ID）,未分類,未分類,,0,hko8iN1sLOEL7Xtq9uL2VlU_AZxdkwixMOxSan9pwn0
1,2026/03/08,物販,-1641,モバイルSuica（モバイルSuica ID）,未分類,未分類,,0,E132jvOawcNRSkpaRjmAP8wwxPBk0ikvL7aA9jOTg28
0,2026/03/08,現金,3000,モバイルSuica（モバイルSuica ID）,未分類,未分類,,1,imTrAVp4j-gLqdjCWzamQvXxO0w76FCjdBsDGJ5EbCg
1,2026/03/07,入 地 東京 出 後楽園,-178,モバイルSuica（モバイルSuica ID）,交通費,電車,,0,fET9O5hviC_-hSq5TypzAc4iV4ZF2TLLwXy4R-gHDzY
1,2026/03/07,ラクテンEDYオンライン,-10000,楽天銀行,現金・カード,電子マネー,,0,U0H3uwkWiz1P6eL1djpJu0E3eVy0rcYjE6-w4ixuDKw
1,2026/03/06,物販,-181,モバイルSuica（モバイルSuica ID）,未分類,未分類,,0,0Dy62GM9HmvXbw_dzl2YUybcCeWItmhngfJ7Oprfw7s
1,2026/03/06,入 後楽園 出 地 東京,-178,モバイルSuica（モバイルSuica ID）,交通費,電車,,0,CvDYShHLAPZ-vCliBJVPylXBR4QpIoZVSayRKjCbYDw
1,2026/03/05,ドンキホ-テコウラクエンテン,-3031,楽天カード,日用品,日用品,,0,I0RmcP30BqJRgBCAtGsCHfIlEZ0ov7YvIsi3jj1fEhg
1,2026/03/05,マツクスバリユカントウ(カ,-1438,楽天カード,食費,食料品,,0,s8ZbtcF4VzZZnZ8NAIGrhcofzQOdthsUzPyBReq62VI
1,2026/03/04,マイバスケツト,-579,楽天カード,食費,食料品,,0,1EAzUrP371dKIzdzb1o7DeVhxtPOw5NjZXc5-nNnpJs
0,2026/03/04,Suicaチャージ(楽天ペイ),-3000,楽天カード,現金・カード,電子マネー,,1,ss_nM6bhXrTpOL0g6E6AfiqvoMs4dDzadRNFf-Dd1Jg
1,2026/03/04,物販,-138,モバイルSuica（モバイルSuica ID）,未分類,未分類,,0,XGFBXDi-G4hf_GO9N9an89BT2-f9ED1Gat4xfAGoHEU
1,2026/03/04,入 永田町 出 後楽園,-178,モバイルSuica（モバイルSuica ID）,交通費,電車,,0,7J-VNVrZbrNHZ1vcY0xeiZFIopgRTq-PlOGe4KQj4EM
0,2026/03/04,現金,3000,モバイルSuica（モバイルSuica ID）,未分類,未分類,,1,HAHOlo7eDYg3orEsKExCNExgiK_jcsTtiWSk_iaKSyo
1,2026/03/04,入 後楽園 出 永田町,-178,モバイルSuica（モバイルSuica ID）,交通費,電車,,0,U0TwPc5A8uqFA-mqVj-_-06kQHCYgM8Bf0E1Q11iphw
1,2026/03/02,マイバスケツト,-764,楽天カード,食費,食料品,,0,TieU-l6VlOPjpDIplVe1hkX52nDjLVZKi61Xe3_CeBE
1,2026/03/02,マイバスケツト,-1298,楽天カード,食費,食料品,,0,XLEeqFQltbNNM7nQieBraiHJaZX0FX9veHZeVZw23dY
1,2026/03/01,シネマイクスピアリ,-1300,楽天カード,趣味・娯楽,映画・音楽・ゲーム,,0,DBmv0c6rP-Z8Tl_cEdEsLcuG_MDTYBWMQnGxKC6ZqY8
1,2026/03/01,入 地新木場 出 後楽園,-252,モバイルSuica（モバイルSuica ID）,交通費,電車,,0,6yGUrai_xB0GovjZqO4RGCWYNCpeYvWictHJ2u_Nl54
1,2026/03/01,入 舞浜 出 新木場,-167,モバイルSuica（モバイルSuica ID）,交通費,電車,,0,MbOUWfTe0MdmYYE1OJOWNqnXV7z3qdJ1cc2sbEKkydQ
1,2026/02/28,トウキヨウデイズニ-リゾ-,-5000,楽天カード,現金・カード,カード引き落とし,,0,tcObM1U28Z1v4T2-FvaseSgb5bxEz-rwgnWODU1QIQk
1,2026/02/28,トウキヨウデイズニ-リゾ-,-2600,楽天カード,現金・カード,カード引き落とし,,0,sBr5Bly6ACkMGWrgIjpA2uYFRQrTS9d3ghj0zdunD_I
1,2026/02/28,トウキヨウデイズニ-リゾ-,-1600,楽天カード,現金・カード,カード引き落とし,,0,WFcwgnPLPCwYqvB8W9PpA3bSUMI4V_LX5HoMCYlqkKw
1,2026/02/28,シエラトングランデト-キヨ-,-280,楽天カード,現金・カード,カード引き落とし,,0,JY72SaDtl9LIuVWfZ8M1jAeD9xkpes7eZCtCFHhhBos
1,2026/02/28,トウキヨウデイズニ-リゾ-,-900,楽天カード,現金・カード,カード引き落とし,,0,UDZtDndflQKPOXN-fQDyejrvoHQukk2pTIk78eq46rc
1,2026/02/28,トウキヨウデイズニ-リゾ-,-400,楽天カード,現金・カード,カード引き落とし,,0,vxG4uS5R9AQ7_OUYCXTCT69OwuE53ksvXS-QjfOUSkY
1,2026/02/28,ソフトバンクエム,-2973,楽天カード,通信費,携帯電話,,0,Q0T5JZuZERzqOHTsXjmTGsasiusDVXaqouVF_ntF-r4
1,2026/02/28,入 東京 出 舞浜,-230,モバイルSuica（モバイルSuica ID）,交通費,電車,,0,QsvfurM3T_Oqi5nObHVCOINFRu3fNi01RarOW5AsZwo
1,2026/02/28,入 後楽園 出 地 東京,-178,モバイルSuica（モバイルSuica ID）,交通費,電車,,0,MH6zEhif4WUuBDBqPv3mvp48pYXF9cVu0_wHvp-ePyI
1,2026/02/27,アイシテイ ミヨウガダニ,-60350,楽天カード,健康・医療,ボディケア,,0,DUiq08j33d9qZo4p320rI1ONpgHgL-9-FoPIUQhLzMo
1,2026/02/27,オクナイガタスポ-ツシセツ,-2400,楽天カード,趣味・娯楽,スポーツ,,0,USRDH7ueB2Yk8wm_pI34LeJXwlrxfNnb3jNJ5Ed11ZE
1,2026/02/27,アマゾン マ-ケツト プレイ,-1599,楽天カード,教養・教育,書籍,,0,qlyKBDc0f2Cucd74sy8TheepY84G0_fiKmcVQOGBETo
1,2026/02/27,アマゾンペイテイケイサイト,-9890,楽天カード,現金・カード,ATM引き出し,,0,p5bs4Ipm8Uq4N4vieB-fJ6pkcn2hxn7YFIMEIb7tDBM
1,2026/02/27,マイバスケツト,-643,楽天カード,食費,食料品,,0,54Nr3ExNujMYTeOSGf_x2ZNIexS2T9UQ-G2YdNFjHlE
1,2026/02/27,入 茗荷谷 出 後楽園,-178,モバイルSuica（モバイルSuica ID）,交通費,電車,,0,UQgzVPW0pUz462f-24wo1xNtaMLFMIumx_TNYQYKJXw
1,2026/02/27,入 後楽園 出 茗荷谷,-178,モバイルSuica（モバイルSuica ID）,交通費,電車,,0,ZcyiMslHecwCqJi6TaaP2-xiJzoyeFr1K0Sf0IkuWcQ
0,2026/02/27,ラクテンカ-ドサ-ビス,-312286,楽天銀行,現金・カード,カード引き落とし,,1,m5iG5TncmaxdF0bEhf6qiKtg6PzwX-e_EejsxSDuJrc
1,2026/02/27,SMBC(ニツポンガス,-1485,楽天銀行,水道・光熱費,ガス・灯油代,,0,xNF0CKZztrknEg7C1Ns94ZMSnBi5S3SGU94oOemDudg
1,2026/02/27,DF.ヤチントウ,-90550,楽天銀行,住宅,家賃・地代,,0,zaXpIrCfkgEpd7ceEfA7_RtYHUJO56ULo0u3pP559Ag
1,2026/02/25,マイバスケツト,-638,楽天カード,食費,食料品,,0,JdzzwsnMDtAgle7tRgZ5grnzViqW375svBZao1_WWO4
1,2026/02/25,入 永田町 出 後楽園,-178,モバイルSuica（モバイルSuica ID）,交通費,電車,,0,sqnQPjniDyoJyU3HfqQxMjuzcZ7GZoeQYuQEURYEjGY
1,2026/02/25,*入 溝の口 出 永田町,-428,モバイルSuica（モバイルSuica ID）,交通費,電車,,0,ORwBnQU8UTasWygmBBh4Z_kb4PTJzq7RI4b0LQ1HQ8k
1,2026/02/25,入 津田山 出 武溝ノ口,-146,モバイルSuica（モバイルSuica ID）,交通費,電車,,0,4A4dmKNVKtLR2she3BpnZh1joZ_MAIlZ9z0cGoP0hIU
1,2026/02/25,入 武溝ノ口 出 津田山,-146,モバイルSuica（モバイルSuica ID）,交通費,電車,,0,TPNDxuEvUX1rWf6wFjv2E7zKmdF5lD8mfpTnS-KkW5g
1,2026/02/25,入 後楽園 出 溝の口,-459,モバイルSuica（モバイルSuica ID）,交通費,電車,,0,rlrydbh3gVsb19M5OVzG6o4uRpewVm7n1MjD9xqKQFg
1,2026/02/25,給与 SBAW(カ)LINEヤフ-.カ,332185,楽天銀行,収入,給与,,0,okbical97krmiyC8yQ-1OMHp11wbZtVWchACSF5Vv0U
1,2026/02/24,コ-クオン アツプルペイ ツ,-80,楽天カード,未分類,未分類,,0,9KyHBW0IRll_JAO7cWlO0xFyd5SL19xw6ljNkWtiD0U
1,2026/02/24,マイバスケツト,-853,楽天カード,食費,食料品,,0,-3jZtmV7BCtQNH6y1yu2dfloNRN-cCSOUSF9asoJ7Sk
0,2026/02/24,Suicaチャージ(楽天ペイ),-3000,楽天カード,現金・カード,電子マネー,,1,d5ELaOkVWj3erDkfpajNhN5ARrcETdL_twgrsZkIXk8
1,2026/02/24,入 永田町 出 後楽園,-178,モバイルSuica（モバイルSuica ID）,交通費,電車,,0,D6e8z0kYFvRIt5KDMe3IMNo7KAzb4mIvLAsG0M0LMlY
0,2026/02/24,現金,3000,モバイルSuica（モバイルSuica ID）,未分類,未分類,,1,cnnWbObojr2FcfBngE4gKI3kFe9CPFvulSjc9OFVtZo
1,2026/02/24,入 後楽園 出 永田町,-178,モバイルSuica（モバイルSuica ID）,交通費,電車,,0,uIFniAWHirEkduT6IU1INDezXRbwxcHpysspWDyftIU
1,2026/02/23,物販,-880,モバイルSuica（モバイルSuica ID）,未分類,未分類,,0,EEbdusCzQBPjEI4GnRZ4SnrVL7XMmJ8yr8ebENEckUg
1,2026/02/22,入 地 東京 出 後楽園,-178,モバイルSuica（モバイルSuica ID）,交通費,電車,,0,DhhJLcqocRYDXjP8fmHWMUJ8xyGH-Os3j9cI5ix4uO4
1,2026/02/22,入 後楽園 出 地 東京,-178,モバイルSuica（モバイルSuica ID）,交通費,電車,,0,Ziyrt-3KWNud_POboxOJar4qqLcXuWqmpT0ktGz9w4Y
1,2026/02/21,セブン-イレブン,-660,楽天カード,食費,食料品,,0,L863tk26reMypS7gW157N3rgTozvG_BKRgrynG50uXQ
1,2026/02/21,入 溝の口 出 後楽園,-459,モバイルSuica（モバイルSuica ID）,交通費,電車,,0,FAruUgYM8inxGSYdXsmeS0efi-JFYv1RDhTh1hGYAlk
1,2026/02/21,入 後楽園 出 溝の口,-459,モバイルSuica（モバイルSuica ID）,交通費,電車,,0,fxIPjhvl2skZzF37FbdkICQ93QVwkBBPRHehyRie-s0
1,2026/02/21,ラクテンEDYオンライン,-10000,楽天銀行,現金・カード,電子マネー,,0,l5woEF1dg0dC-Ji669Zw3qUQ0N46juj5iGoMgfnrahU
1,2026/02/20,マイバスケツト,-806,楽天カード,食費,食料品,,0,jt-nmvGXGI1QpCYdOZQWL84-nfgRdQt3TnKQ6Dxjg7I
1,2026/02/19,入 永田町 出 後楽園,-178,モバイルSuica（モバイルSuica ID）,交通費,電車,,0,U_36EliSl7Q-J-D56WsBd1u9sBtWy5MJowy0fYwanTY
1,2026/02/19,入 後楽園 出 永田町,-178,モバイルSuica（モバイルSuica ID）,交通費,電車,,0,Jk-9Q23Wdde8UWknOmN_SN6zzzfvd1SAY8TkUr-KP-o
1,2026/02/18,トウブトツプツア-ズ ウエ,-18000,楽天カード,現金・カード,カード引き落とし,,0,dklK6GcgnsLBmBi0OSW9w0Dw4baCicB8wLAm0nuZs64
1,2026/02/18,マイバスケツト,-1134,楽天カード,食費,食料品,,0,LRcXQPJG_qr3IV0Mn2fJwTyLR0f-fTqbesKbFvWlcOw
0,2026/02/17,Suicaチャージ(楽天ペイ),-3000,楽天カード,現金・カード,電子マネー,,1,9wBXqLL0FBWg3UuOVjip_1mICwVl0jeWnyiGse4qrYw
1,2026/02/17,入 永田町 出 後楽園,-178,モバイルSuica（モバイルSuica ID）,交通費,電車,,0,q2GX-pfYoqye5TRbk6eBjlxVypLdjADSJgRc25S4v5I
1,2026/02/17,入 後楽園 出 永田町,-178,モバイルSuica（モバイルSuica ID）,交通費,電車,,0,ergdUmGWQjUO8eR6zVe5z9GpcQx5trWEOPmh0-rIksk
0,2026/02/17,現金,3000,モバイルSuica（モバイルSuica ID）,未分類,未分類,,1,RzipBOXtr6HxW4SB_dhVAd-0YFJ1ed42G_adupqSek4
1,2026/02/16,マイバスケツト,-1357,楽天カード,食費,食料品,,0,pDO6B48YdT1zgu3E947De4bXhfYeApRkPbIHOTaufFI
1,2026/02/16,トウキヨウトスイドウキヨク ス,-3806,楽天カード,水道・光熱費,水道代,,0,8f_OvBMershkTBpQ2yBxIXXbwhp3BHKk_V6isY3aqhs
0,2026/02/16,楽天証券投信積立0.5%~,-30000,楽天カード,未分類,未分類,,1,v9pI4N1BHtT5syNeGDVxokzUGz5EGfaqYV-VvtrZpsw
1,2026/02/16,入 永田町 出 後楽園,-178,モバイルSuica（モバイルSuica ID）,交通費,電車,,0,QZW8FL9Ft1j2UW2TNRpk3ShIiBvWxX_r_HsNbU_DfwA
1,2026/02/16,入 後楽園 出 永田町,-178,モバイルSuica（モバイルSuica ID）,交通費,電車,,0,UpCF16Jnp8EzR9uuFBVaZicgYpO0lMIP2i_dDqEZiUM
1,2026/02/16,AP(カ)ユ-パワ-,-5072,楽天銀行,未分類,未分類,,0,eEQNM2PrlxQnqvUZcCeabx5GmP14IESXU5EdC28rWj0
1,2026/02/15,アマゾン マ-ケツト プレイ,-2999,楽天カード,教養・教育,書籍,,0,b8zYZX2zKN2KnggXaBjZ2mAIplXFVnpRZlekS21PZb4
1,2026/02/14,入 地 東京 出 後楽園,-178,モバイルSuica（モバイルSuica ID）,交通費,電車,,0,iaKqyWdIcDBtcmh9aZkW4X6CwucdCdqNhpkPa1qcTtg
1,2026/02/14,入 後楽園 出 地 東京,-178,モバイルSuica（モバイルSuica ID）,交通費,電車,,0,zAHfRLQ1o7uLoAUN0UCO14FwVZGagFG0uUWGbRqeYpY
1,2026/02/13,物販,-569,モバイルSuica（モバイルSuica ID）,未分類,未分類,,0,hCn7yY183K9o9mt1I8Kbl2l7l6hyHpC_yPbZ7M3363s
1,2026/02/13,物販,-460,モバイルSuica（モバイルSuica ID）,未分類,未分類,,0,pHJD3s5hyyygDyW7ITsvDyCUuayEedaEC5XZOJa-Gn0
1,2026/02/12,入 地 池袋 出 後楽園,-178,モバイルSuica（モバイルSuica ID）,交通費,電車,,0,q2qJNhFnoRu12dzSEYYVBoRG5peAs0ZhVHneZIlY1XQ
1,2026/02/12,入 新宿 出 池袋,-167,モバイルSuica（モバイルSuica ID）,交通費,電車,,0,1J3obxEttfLcAvaobL7eMohn9NvZg44Ufa21k7T2Swo
1,2026/02/12,入 赤坂見附 出 地新宿三,-178,モバイルSuica（モバイルSuica ID）,交通費,電車,,0,zxKCAkSQUr0OBCeBtY3Cx5CusZ6tkBy_FB0lT7eJtE8
1,2026/02/12,入 後楽園 出 永田町,-178,モバイルSuica（モバイルSuica ID）,交通費,電車,,0,ln0FSzUSD1kQeEik4oBVxmgLotj_lNnYfgxbZxcy6A0
1,2026/02/11,トウブトツプツア-ズ ウエ,-17800,楽天カード,現金・カード,カード引き落とし,,0,0VAwWYFOnRg3hKPlS-tOakQjRS-gFXg1G4-ToQ0pvrw
1,2026/02/11,ラクテンEDYオンライン,-10000,楽天銀行,現金・カード,電子マネー,,0,NYB32XVNYEPAq33JZI4FenI-67BK6DVm_vnaXb2PN2w
1,2026/02/10,入 永田町 出 後楽園,-178,モバイルSuica（モバイルSuica ID）,交通費,電車,,0,9FI0j5uBQDCra8W16ZAP1vtWfQfnTGsQCYFoq5jQUlw
1,2026/02/10,入 後楽園 出 永田町,-178,モバイルSuica（モバイルSuica ID）,交通費,電車,,0,z1ESTbrw4otBPL4VhcTZV8o4Fza9MwTZ_Hye3ABmmco
1,2026/02/09,ダイエ- エスエム,-1179,楽天カード,食費,食料品,,0,tHoXrNSgzjMu-468b19qd89-y0-_Y9Odm3SVJVPjkII
0,2026/02/09,Suicaチャージ(楽天ペイ),-3000,楽天カード,現金・カード,電子マネー,,1,mHNDUUNGA5iN3fFpYYsOKPnYln0eZojey4oWLiSaJ2Q
1,2026/02/09,物販,-193,モバイルSuica（モバイルSuica ID）,未分類,未分類,,0,qsjkIitgHZWEyDsvcZgCiYn_WFd_9tZlW1uBP9cvOOI
1,2026/02/09,入 永田町 出 後楽園,-178,モバイルSuica（モバイルSuica ID）,交通費,電車,,0,miBzlGUvUU7P_pjKfoCCwrPb4rOum62O37uDruAyThI
0,2026/02/09,現金,3000,モバイルSuica（モバイルSuica ID）,未分類,未分類,,1,ZPXOPeJAH0z9Pl4ZxajFqtD_C3rODCwsWY-fm2rpp4Q
1,2026/02/09,入 後楽園 出 永田町,-178,モバイルSuica（モバイルSuica ID）,交通費,電車,,0,NIxshaaYVanTD6Q52Pn3BEyUIZ1recRbeUEumKE8PKY
1,2026/02/08,マイバスケツト,-319,楽天カード,食費,食料品,,0,PUONLQ5TOhZMAjF5M5tqI5xgz2dKmh9JRVLzDlIt2q4
1,2026/02/06,マイバスケツト,-385,楽天カード,食費,食料品,,0,Pxpw8JK31sBqFXNqbS3FRHy2BsMPL4bStPmdC6Y8imc
1,2026/02/06,マイバスケツト,-965,楽天カード,食費,食料品,,0,mJNVJuSq9JvDGWwcOK7QaZfl0kt4uKnGy7tvwP3Y6c4
1,2026/02/05,アマゾン マ-ケツト プレイ,-399,楽天カード,教養・教育,書籍,,0,xiUwB66mKK3ahRS58eZi7klLR-7F0gZnAPl189ukW-o
1,2026/02/03,入 都日比谷 出 春日,-178,モバイルSuica（モバイルSuica ID）,交通費,電車,,0,UuEN_mrMH2sCD3pqi16TAginiwE1cmZaqDOZGllVFl0
1,2026/02/03,物販,-900,モバイルSuica（モバイルSuica ID）,未分類,未分類,,0,BgQf4L7FxhPm4y-UAV62ny59X2ViwupNmrcmfI79Kyw
1,2026/02/03,入 春日 出 都日比谷,-178,モバイルSuica（モバイルSuica ID）,交通費,電車,,0,RIVdYRAamppUEWJc9a-y-DLYwtb36sFFrAJpYRPo04g
1,2026/02/03,入 永田町 出 後楽園,-178,モバイルSuica（モバイルSuica ID）,交通費,電車,,0,fkrWt3Rsio_T64CiVykmoUqfEllkOPvTgnL5IUUX6bw
1,2026/02/03,入 後楽園 出 永田町,-178,モバイルSuica（モバイルSuica ID）,交通費,電車,,0,IgwmaTHhK6Sq-RYZgGVYBRdEJbCVoqVgjGcUGML1yc8
1,2026/02/02,ダイエ- エスエム,-6713,楽天カード,食費,食料品,,0,hkEkz6xCo7OqMRn-7BimERuvXWdnON1yvwiDGO6nrlk
1,2026/02/01,スマ-トイ-エツクス ジエイア,-13870,楽天カード,未分類,未分類,,0,jM09bsCztnkm-WlOaAXwowrIIwip37DTlgRpb0UhVow
1,2026/02/01,入 地 東京 出 後楽園,-178,モバイルSuica（モバイルSuica ID）,交通費,電車,,0,c2MppkxCS2-zRLq0563nv8EMaCmSHaE_SP_BLsxojkg
1,2026/02/01,入 JW大阪 出 JW新大阪,-180,モバイルSuica（モバイルSuica ID）,交通費,電車,,0,veO5vFUIb5Ik6jYkYAnPmfQo6b9pXUAYsIFuVVUhblA
1,2026/02/01,入 JWユニバー 出 JW大阪,-200,モバイルSuica（モバイルSuica ID）,交通費,電車,,0,iS8coKnaqlxS_YIfAvc5YF-ZGm1i9Yp1IsUxRibeyWk
1,2026/02/01,入 JW大阪 出 JWユニバー,-200,モバイルSuica（モバイルSuica ID）,交通費,電車,,0,kLpXa3PJoKo-NirVNC3P9FgZSY5aWCpl88N-an1yZ9g
1,2026/02/01,入 SU下新庄 出 SU梅田,-200,モバイルSuica（モバイルSuica ID）,交通費,電車,,0,jkXE0PB8IiHqyKfamzQouS6loAYaZTN-14arbotTSp8
1,2026/01/31,ユニバ-サル スタジオ ジ,-3500,楽天カード,現金・カード,カード引き落とし,,0,88ffo48pxJoXdkN08evtw5LNxp-nWUwJR2OAaOhSnFs
1,2026/01/31,ツルハシフウゲツ リンクスウメ,-5150,楽天カード,日用品,ドラッグストア,,0,KIiwPJr983yXU_6WtOfpageVAIoak8kDyGaXHsXz_So
1,2026/01/31,イ-プラス,-12080,楽天カード,趣味・娯楽,映画・音楽・ゲーム,,0,inBBT4Kw1dLXO3Uu4ig1noBykMFPAhIzwzHKuCUOPGA
1,2026/01/31,イ-プラス,-6600,楽天カード,趣味・娯楽,映画・音楽・ゲーム,,0,17dHdqfhcDjQ2Imc5RkQY5wG2DIc2l2M09B3meJcFug
1,2026/01/31,イ-プラス,-5870,楽天カード,趣味・娯楽,映画・音楽・ゲーム,,0,n7AaLTM6bA8HLmsunLcNBGaQ1w6sze-EalteqdH7Ee0
1,2026/01/31,アツプルジヤパン,3000,楽天カード,未分類,未分類,,0,TIyAQvkIF0WfroZI6Ck6cWTBlgtjT01yS4TvzSyceVg
1,2026/01/31,ソフトバンクエム,-2973,楽天カード,通信費,携帯電話,,0,JYPHSbwL4l5_S8Fas78OSQfzxPkDzSvb4knZMzUPR1Y
1,2026/01/31,入 SU梅田 出 SU下新庄,-200,モバイルSuica（モバイルSuica ID）,交通費,電車,,0,eTr-jv2ec-hD6sPmMfs4rjP1Cvv68GbV5cc4PpIgLtM
1,2026/01/31,入 JWユニバー 出 JW大阪,-200,モバイルSuica（モバイルSuica ID）,交通費,電車,,0,yLBSzUgpNvm_P6ZWj_3pkPJk2BvDvg_HghZkSWrhRMw
1,2026/01/31,入 JW大阪 出 JWユニバー,-200,モバイルSuica（モバイルSuica ID）,交通費,電車,,0,F2lNSjuHBAbbvlf-_7bqDaekaiSLvnG774w-wRYTdew
1,2026/01/31,入 SU下新庄 出 SU梅田,-200,モバイルSuica（モバイルSuica ID）,交通費,電車,,0,FdV8v085K7LYpItdfTjKSCJlNq9aVxEgG4vXDjYtsuY
1,2026/01/30,アマゾン マ-ケツト プレイ,-4393,楽天カード,教養・教育,書籍,,0,uH0Tghj-pkXWTvYB50L3SBf3Yq5phwP5xAaMJak_tm4
0,2026/01/30,Suicaチャージ(楽天ペイ),-3000,楽天カード,現金・カード,電子マネー,,1,R7oWJpmEfxS10R2b1SyH1BBKqq5eALlv7tMI-SujaQc
1,2026/01/30,入 SU梅田 出 SU下新庄,-200,モバイルSuica（モバイルSuica ID）,交通費,電車,,0,ab1TmD6KKm7I9Dkw-8Q52HBDdmNPnmnXsIrNGhqyJ4k
1,2026/01/30,入 JWユニバー 出 JW大阪,-200,モバイルSuica（モバイルSuica ID）,交通費,電車,,0,9J9ZvzwQ6H45H4-N4-7qCc-RpCXsSNt0qmT_Oby5xI4
0,2026/01/30,現金,3000,モバイルSuica（モバイルSuica ID）,未分類,未分類,,1,FJsU5wJQIIKPuO6UZ11VjDnow-oV_5hQLFfa_k-YctA
1,2026/01/30,入 JW新大阪 出 JWユニバー,-240,モバイルSuica（モバイルSuica ID）,交通費,電車,,0,ywbUc4K-vZjVnL9v-Grp-d_pagfMHCY1fgikLuRmxK4
1,2026/01/30,入 後楽園 出 地 東京,-178,モバイルSuica（モバイルSuica ID）,交通費,電車,,0,8UtqXNfnKDp5Mvz1KEQWkyQ6virKB9qoeFXCfpS708A
1,2026/01/29,オクナイガタスポ-ツシセツ,-2400,楽天カード,趣味・娯楽,スポーツ,,0,CAekxN3VeReTgLTu5Ch0FAUrXMcSTGalp7PjqmQop2E
1,2026/01/29,物販,-578,モバイルSuica（モバイルSuica ID）,未分類,未分類,,0,FJfeVw2N0Gt3swhJ5Dz9o1_txEhtwbk7vu4EmnZ3XBI
1,2026/01/28,ユ-エスジエイ チケツトストア,-22000,楽天カード,趣味・娯楽,映画・音楽・ゲーム,,0,WdGBKMCWIyNCC-KEa6DMkj8bkkE6JyqiViBeoSY19gs
1,2026/01/28,入 溜池山王 出 後楽園,-178,モバイルSuica（モバイルSuica ID）,交通費,電車,,0,2i6GrOsxMQy_1CrUtzXHBdfnXEGeSE7OBBkzpj4GWnE
1,2026/01/28,入 後楽園 出 永田町,-178,モバイルSuica（モバイルSuica ID）,交通費,電車,,0,tfaCQ4kOV4hrQ8fxEbB0sjveEH8H_oozmBhMNToYb2Y
1,2026/01/27,アマゾン マ-ケツト プレイ,-5840,楽天カード,教養・教育,書籍,,0,jkhg7pNiYLTlLchngrmN3f9PWK8nyigPBMGfxr51NWA
1,2026/01/27,物販,-407,モバイルSuica（モバイルSuica ID）,未分類,未分類,,0,1_lgzg43L-EDlnyGmrxBeMMp60C2yWhebGwOfJCyvXI
0,2026/01/27,ラクテンカ-ドサ-ビス,-118101,楽天銀行,現金・カード,カード引き落とし,,1,mgNjWWo-XXzjf8YW_TSvqyP2_bdXd2fOWUQItKLZFUQ
1,2026/01/27,SMBC(ニツポンガス,-1485,楽天銀行,水道・光熱費,ガス・灯油代,,0,9GCwPcqGLlVu0ngIOUjzcQNB9Gy2FZQa_3-oCAgI85o
1,2026/01/27,DF.ヤチントウ,-90550,楽天銀行,住宅,家賃・地代,,0,xh22HBwGMT29_yWdqbWygfnp29q3Mg5Dyi13Ubj0gAI
1,2026/01/26,マイバスケツト,-2444,楽天カード,食費,食料品,,0,w8zEE_LJO4hq8wRlqfODgqVkJMPVkJ8fZXwsXpQ8XVY
1,2026/01/26,入 永田町 出 後楽園,-178,モバイルSuica（モバイルSuica ID）,交通費,電車,,0,Xw4hjcGwy-nEMOze8no29WqhGDelfEe0VULQWvC3gaw
1,2026/01/26,入 後楽園 出 永田町,-178,モバイルSuica（モバイルSuica ID）,交通費,電車,,0,Zxz5ZW4bqv2mbWeQxFbUiUf3N_ifrkqmszUvaLODCts
1,2026/01/25,マクドナルド モバイルオーダー,-1150,楽天カード,食費,外食,,0,pr_TvPm2beCyza57B8sPI2RWOML8dA3nU5XIUUiC6jk
1,2026/01/25,PayPay銀行 かわせみ支店 普通預金 2082710 ミタ リヨウイチロウ(依頼人名:ミタ リヨウイチロウ 振込予定日:2026年01月25日 管理番号:20260125-63339422),-50000,楽天銀行,現金・カード,電子マネー,,0,8kDi_LzbTkIrBxqAWVnRBZ8X8hPvZtrNKjbwOy9U32A
1,2026/01/25,ラクテンEDYオンライン,-10000,楽天銀行,現金・カード,電子マネー,,0,zGgn_pHQSGvo7Pp0xP6Qpn_0bpGIddbYuXwukSd2qzE
1,2026/01/24,マクドナルド モバイルオーダー,-210,楽天カード,食費,外食,,0,dZc45hOm685ka3rX3YHWTiGWZu9BL-RWVgDXNeaAaPE
0,2026/01/24,Suicaチャージ(楽天ペイ),-3000,楽天カード,現金・カード,電子マネー,,1,AefKZZ6p6OIin4SisuTDRv-O0TjiEgqnftnbom-oF0A
1,2026/01/24,入 地 東京 出 後楽園,-178,モバイルSuica（モバイルSuica ID）,交通費,電車,,0,kJRdd1y4mcoCXi1Yj-g0uZzRYXHo38K5twWkPx00lE0
0,2026/01/24,現金,3000,モバイルSuica（モバイルSuica ID）,未分類,未分類,,1,HF08zEGHR4HfYM9Y3YSmcS-X2BHb1VE-izPRmRQD1xQ
1,2026/01/24,入 後楽園 出 地 東京,-178,モバイルSuica（モバイルSuica ID）,交通費,電車,,0,2kQSKWeJpzmSi7MyIvAkOnM2gQJh4h57ojIGm27d0fo
1,2026/01/23,入 地 東京 出 後楽園,-178,モバイルSuica（モバイルSuica ID）,交通費,電車,,0,GxTWvwkx4fBICnUP4ZDbCiDli38by2_mme7qJUm-OIE
1,2026/01/23,入 赤坂見附 出 地 東京,-178,モバイルSuica（モバイルSuica ID）,交通費,電車,,0,aeMyzfI5K1hyGbiEopxbhxjRwfJaXtUA2kvNb6qE4zc
1,2026/01/23,入 後楽園 出 永田町,-178,モバイルSuica（モバイルSuica ID）,交通費,電車,,0,gWrp6eqcUlRt9lSYfykSL-vpV5GGhyBIrIqoP3thtng
1,2026/01/23,給与 SBAW(カ)LINEヤフ-.カ,330809,楽天銀行,収入,給与,,0,D7Vrvcg3qUZ94pu2DzvMWEg4j3qJsIM2B9jtVLnnpJs
1,2026/01/23,カ-ド出金 セブン銀行003401001100324,-8000,楽天銀行,現金・カード,ATM引き出し,,0,T4iakA_ACDi7MKJM66KDGMctl1TwovFHHyZ0eg3XjdQ
1,2026/01/22,物販,-1105,モバイルSuica（モバイルSuica ID）,未分類,未分類,,0,Mo5ajvZLCH0jjKfdcWBIKasomE4PaWX_K2ft90mMSHY
1,2026/01/21,ビツグホリデ-(カ,-16000,楽天カード,現金・カード,カード引き落とし,,0,wWhfFFtN17UcriA6fe4B_snBB44xX464ilsMIg-EhIM
1,2026/01/21,入 溜池山王 出 後楽園,-178,モバイルSuica（モバイルSuica ID）,交通費,電車,,0,ID1nuOmT49UMfJOof079J4VpYkLnbkR_IotF1ZMcRAY
1,2026/01/21,入 後楽園 出 永田町,-178,モバイルSuica（モバイルSuica ID）,交通費,電車,,0,ncJ6B7iEnkFn_IFc_igQ_ll7VniI_tb0RGFxwRI4Nc8
1,2026/01/20,入 溜池山王 出 後楽園,-178,モバイルSuica（モバイルSuica ID）,交通費,電車,,0,BjAfv8ef_3dUVa1oOpmlRaJzducIepz_Lnub3xCbrmY
1,2026/01/20,入 後楽園 出 永田町,-178,モバイルSuica（モバイルSuica ID）,交通費,電車,,0,en5gHBB3Ze88JgHD-U-i4wbxHDB_28HyvxQQ35t7XcI
1,2026/01/19,入 永田町 出 後楽園,-178,モバイルSuica（モバイルSuica ID）,交通費,電車,,0,B3s0-hJgvMWPIgfDLCP60aiZFaT8OsXKaGUd2WiMdUU
1,2026/01/19,入 後楽園 出 永田町,-178,モバイルSuica（モバイルSuica ID）,交通費,電車,,0,CQ2e42ijYt86E3sBTIbs3kwuiphtNjtHTgqswWzrm0M
1,2026/01/18,ドンキホ-テコウラクエンテン,-8031,楽天カード,日用品,日用品,,0,s1fklIm3x-oGyUH7oJhHO7DO7OvM_QGdG-991Jwqf5w
1,2026/01/18,アツプルジヤパン,-99800,楽天カード,特別な支出,家具・家電,,0,25tVU_oGA1fKN-9iTfM22IZpcpEqKK7gHfnfN6KwROY
1,2026/01/18,物販,-31,モバイルSuica（モバイルSuica ID）,未分類,未分類,,0,my540MrciADhL-lUOr181doroq5GZCzHzImmMFf4ni8
1,2026/01/18,物販,-346,モバイルSuica（モバイルSuica ID）,未分類,未分類,,0,w1rxmO31c3N4ZvldUIeEKpOvPgpGi0T7dNauMIuILr0
1,2026/01/17,トウキョウエキヤエキタショ クドウ,-1780,楽天カード,未分類,未分類,,0,r-sKSr8u0rlYV8oU-bvBxHJcLaF4PlkG_jGbkerozfY
1,2026/01/17,入 地 東京 出 後楽園,-178,モバイルSuica（モバイルSuica ID）,交通費,電車,,0,dSWIOjl2DVizfgRsxorYUVco2Csmv1GlTL4SnxrJ1l8
1,2026/01/17,物販,-419,モバイルSuica（モバイルSuica ID）,未分類,未分類,,0,BNmgbYRFQJegrXwltrak8GzBQW6xYLHUwSPgmi1AxTY
1,2026/01/17,入 後楽園 出 地 東京,-178,モバイルSuica（モバイルSuica ID）,交通費,電車,,0,lLtU0euiq0qanL4EoK08DdkjEtNYROb9-_5LcP0sm-4
1,2026/01/16,スマ-トイ-エツクス ジエイア,-13870,楽天カード,未分類,未分類,,0,-9slJCOpBllE_Y3_YxUwyaeICQq6mqJNaiv0eFrx53s
0,2026/01/16,楽天証券投信積立0.5%~,-30000,楽天カード,未分類,未分類,,1,VsEIXuh76JX_Ltj7tp7aY2VhUS0hS96Mvvm1pnEBp_Q
1,2026/01/16,入 永田町 出 後楽園,-178,モバイルSuica（モバイルSuica ID）,交通費,電車,,0,5aqRUU4VaTHqfiyHFpR9xCZ6XzFO0LU7V_VP1_oFrLk
1,2026/01/16,入 後楽園 出 永田町,-178,モバイルSuica（モバイルSuica ID）,交通費,電車,,0,jCJkH2C6JmxCKhLwFddBsoffF8Jzz8eCF41JYIfF9vg
1,2026/01/15,トウキョウエキヤエキタショ クドウ,-1480,楽天カード,未分類,未分類,,0,ndEH-I7egcR3LHUNTfzk-aIp3tGxZF0iBgxd13TKl90
0,2026/01/15,Suicaチャージ(楽天ペイ),-3000,楽天カード,現金・カード,電子マネー,,1,Lsm3jws9VC4kKKGiwk2eOaRqohnnlXcw_bwW668_teo
1,2026/01/15,入 地 東京 出 後楽園,-178,モバイルSuica（モバイルSuica ID）,交通費,電車,,0,6cnrn1T4iJj0ARlKVNoAfRwSJj6mmxX4Di_hrcEIQpI
1,2026/01/15,物販,-490,モバイルSuica（モバイルSuica ID）,未分類,未分類,,0,t-u67xKLOBXEKK2MoF6kQMcYyYCt4vowiYO5c69DkzA
0,2026/01/15,現金,3000,モバイルSuica（モバイルSuica ID）,未分類,未分類,,1,aIyqvT9aOwzp5cbTYiVal3z0xmL-AVgq_E1O2TqtDxQ
1,2026/01/15,入 後楽園 出 地 東京,-178,モバイルSuica（モバイルSuica ID）,交通費,電車,,0,2-sfRQyMuZZN8vLt3rBI1uBK6rhsxAoIKXJcgg3b2n8
1,2026/01/14,入 永田町 出 後楽園,-178,モバイルSuica（モバイルSuica ID）,交通費,電車,,0,LgZju6nI7iTmR4s99XifpmVZBfHpwk_tHSKucVfzIGg
1,2026/01/14,入 後楽園 出 永田町,-178,モバイルSuica（モバイルSuica ID）,交通費,電車,,0,zMePf4JlGGdxj-z842aK41q74fHGVCfgReYObFSbPY8
1,2026/01/14,AP(カ)ユ-パワ-,-4139,楽天銀行,未分類,未分類,,0,QiZwrXS09wZs8cBv7XK7tWoHYc0cDgErdAyLAknBLqg
1,2026/01/14,ラクテンEDYオンライン,-10000,楽天銀行,現金・カード,電子マネー,,0,wtg-8X7sL8TZdmFadw3BSbqYKIOulwUGInaTRTJcnvI
1,2026/01/13,ビツグホリデ-(カ,-16000,楽天カード,現金・カード,カード引き落とし,,0,hKSWyoFkIn6ka11RulrVdSno5ZGrmNfg_0DK7p-auRQ
1,2026/01/13,マイバスケツト,-867,楽天カード,食費,食料品,,0,A231zTtDTlBDFgfIYR1h4-_pHmcJTP6g1tBIXCuHHQA
0,2026/01/13,Suicaチャージ(楽天ペイ),-3000,楽天カード,現金・カード,電子マネー,,1,BWDvRxFg0we9_PIbTVpQx0oyBYWi27nNCmvLePXPKsQ
1,2026/01/13,入 永田町 出 後楽園,-178,モバイルSuica（モバイルSuica ID）,交通費,電車,,0,C6lx7p1sLeOZdzZajeb8uTGyc6_KLh1-kJCVIvcbyzc
1,2026/01/13,入 後楽園 出 永田町,-178,モバイルSuica（モバイルSuica ID）,交通費,電車,,0,Ldl0pewO2-G4cXxRnlfCu5UHbon0dOdawBzyt3R-6Nk
0,2026/01/13,現金,3000,モバイルSuica（モバイルSuica ID）,未分類,未分類,,1,FKl6uCj38AI7uiF2JfDRPm3V6ut2uq1SjG5uzuFpQss
1,2026/01/12,ダイエ- エスエム,-838,楽天カード,食費,食料品,,0,kZRsPnyCIu9X4esMNFnrZnwiQ1x2BBhBT0qvSo-Etns
1,2026/01/12,入 地 東京 出 後楽園,-178,モバイルSuica（モバイルSuica ID）,交通費,電車,,0,cOGIiGNX0_68EIisVcehacIvr5WckJgBMCnqCzMNqTY
1,2026/01/12,入 舞浜 出 東京,-230,モバイルSuica（モバイルSuica ID）,交通費,電車,,0,XstYain0H5pMPMQJlq1GDnNZzmCX9Lmz21CA-qcr4Ws
1,2026/01/11,マクドナルド モバイルオーダー,-1050,楽天カード,食費,外食,,0,0Dh-got7kBKmgyrWZRklaGAIIPchFh7DcNZ0Cw9FB5c
1,2026/01/11,入 MRCA 出 MRCC,-300,モバイルSuica（モバイルSuica ID）,交通費,電車,,0,vZa49GHXgPw5YXt13FJS0y8KKlC5Tpim02WXTKcHexA
1,2026/01/11,入 後楽園 出 溝の口,-459,モバイルSuica（モバイルSuica ID）,交通費,電車,,0,Zf3vkSawF3uqvaebHqy6S94s6EgFpMd900Bu32pBZbk
1,2026/01/10,マイバスケツト,-956,楽天カード,食費,食料品,,0,Ez8Y8rvsP6mRQQ11P2Frvqn0FQXewYkgZ-RgrEc3JVk
1,2026/01/09,アマゾン マ-ケツト プレイ,-18480,楽天カード,教養・教育,書籍,,0,JhC40WdqBxCPQFWrY9FxS7zRMiHKt_BnCB9RoK_lvv4
1,2026/01/09,入 永田町 出 後楽園,-178,モバイルSuica（モバイルSuica ID）,交通費,電車,,0,TKNklbdBU8qnJU59YaTkYwxDR5Iw9iy3WPl09biz5Ws
1,2026/01/09,入 後楽園 出 永田町,-178,モバイルSuica（モバイルSuica ID）,交通費,電車,,0,NsN7wAA058EdpEkdSgmyhGVaTLZfRch0hZDSSihqOXA
1,2026/01/08,入 永田町 出 後楽園,-178,モバイルSuica（モバイルSuica ID）,交通費,電車,,0,s-NABEm5Lz4U16FVNZAdhScvcMpZ-uABOKY6HcQuCHg
1,2026/01/08,入 後楽園 出 永田町,-178,モバイルSuica（モバイルSuica ID）,交通費,電車,,0,2Rdaz-VGl0YZyqwH73Ka5M5IkRLgX0q0F4VeOeF2DQQ
1,2026/01/07,マイバスケツト,-277,楽天カード,食費,食料品,,0,9ZdBr2PoRtc2LBRgZIeKL3qFBphN6EorGenmDEr9CJo
1,2026/01/07,マイバスケツト,-967,楽天カード,食費,食料品,,0,pB0DcFPCSfqjpo8GvIOGMBdBll1Fnxhw4S9G7UTO3AQ
1,2026/01/06,ユーネクストサービス利用料,-2189,楽天カード,通信費,放送視聴料,,0,2BBwcTuBoIDeMCYpENHTwSAft-12t4y7oIkLc79AZ0g
1,2026/01/06,ユーネクストサービス利用料,-2189,楽天カード,通信費,放送視聴料,,0,fvhJf7yKaVi9BNFKI5p0BaC52cfv6x8XtgM8R_44S30
1,2026/01/05,入 地 神田 出 地飯田橋,-178,モバイルSuica（モバイルSuica ID）,交通費,電車,,0,uVU1rUI2XWJZjb0jKdPRp-EsdHvPcLaC4A8128CIJSw
1,2026/01/05,入 永田町 出 都小川町,-286,モバイルSuica（モバイルSuica ID）,交通費,電車,,0,noO4-8tVWjmC-MlH8ScA1__o_F6widKQSLXtzJJ93FI
1,2026/01/05,入 後楽園 出 永田町,-178,モバイルSuica（モバイルSuica ID）,交通費,電車,,0,FLhalRoMqUN-XHsPdbV7ZOMXf_sAJ8fy69ipALbCJ4I
1,2026/01/04,ダイエ- エスエム,-1911,楽天カード,食費,食料品,,0,w7u4F8_14wQ-nu7mO1zubyGGVYnWq325z1_OJxiJE_w
1,2026/01/04,入 溝の口 出 後楽園,-459,モバイルSuica（モバイルSuica ID）,交通費,電車,,0,MWnepyLlY_uM327YaDD-prOefdREFvK1anQiRoc7ccM
1,2026/01/03,ペツパ-ランチスイドウバ,-1230,楽天カード,水道・光熱費,水道代,,0,6uWrWBE5oPGNLDyiQxh4NHJfl_AvOnua0BCz6GwJX4Q
1,2026/01/03,なんでもR-SHOP 楽天市場,-4620,楽天カード,未分類,未分類,,0,2EB4tt1oxF8_oNrd7iP_iQE8WlIkEwbEZK2fgRIn5xk
0,2026/01/03,Suicaチャージ(楽天ペイ),-3000,楽天カード,現金・カード,電子マネー,,1,viXZf1Dvhnb7RNDIx1-VrKadDo3s2IK0463_9Ql06tQ
1,2026/01/03,マクドナルド モバイルオーダー,-140,楽天カード,食費,外食,,0,_GCf3rTIdnM9rKxBUCxwwchV4e8tL37OOzEPNb6yPzk
0,2026/01/03,現金,3000,モバイルSuica（モバイルSuica ID）,未分類,未分類,,1,cnA6_H7brB74zMvJK-fA3e23lzXL5zTYIt67ZkFUOa0
1,2026/01/03,入 東急渋谷 出 溝の口,-250,モバイルSuica（モバイルSuica ID）,交通費,電車,,0,_pldCPLdeIukdP9FMrJ5SUddf9D1Q18cR1Aq7IUgid8
1,2026/01/03,入 新宿 出 渋谷,-167,モバイルSuica（モバイルSuica ID）,交通費,電車,,0,xlIeFf5FwY1o_b3JhXNylv1Eg7Ha7U_2XF7vkCcI-70
1,2026/01/03,入 都神保町 出 都新宿三,-220,モバイルSuica（モバイルSuica ID）,交通費,電車,,0,Ax_iiamh3Cze7sN3c4vU09Jj_VBmOrir0XMLfyIa74s
1,2026/01/01,入 溝の口 出 後楽園,-459,モバイルSuica（モバイルSuica ID）,交通費,電車,,0,quqGc9GOnX5qf7Mjf-JD6UHq_e50ebTKDfqS5hvYfzU
1,2026/01/01,なんでもR-SHOP 楽天市場店 充電式 湯たんぽ ぬいぐるみ 猫 ネコ スリーアップ 蓄熱式 エコ湯たんぽ ぬくぬく neko Like EWT-2328 ゆたんぽ 湯タンポ 節電 エコ 省エネ おしゃれ かわいい 可愛い 防寒 充電式 カイロ プレゼント ギフト 誕生日 クリスマス,-4620,楽天キャッシュ(楽天pay),衣服・美容,衣服,,0,qB7k4NRv-dMCGHOo5SQrQ5iJRsEocvTiTjVTHCErAVQ
